marker,chr,pos
14:65:+,14,65
25:27:+,25,27
25:82:+,25,82
25:83:+,25,83
25:96:+,25,96
26:8:-,26,8
26:13:-,26,13
26:21:-,26,21
26:23:-,26,23
26:27:-,26,27
26:28:-,26,28
26:34:-,26,34
26:49:-,26,49
26:50:-,26,50
26:64:-,26,64
26:119:-,26,119
55:18:+,55,18
55:21:+,55,21
55:31:+,55,31
55:41:+,55,41
55:89:+,55,89
55:136:+,55,136
59:62:+,59,62
59:100:+,59,100
59:132:+,59,132
78:46:+,78,46
78:92:+,78,92
78:126:+,78,126
78:131:+,78,131
86:24:+,86,24
86:39:+,86,39
86:57:+,86,57
86:104:+,86,104
155:110:+,155,110
155:132:+,155,132
155:138:+,155,138
155:139:+,155,139
158:20:-,158,20
158:23:-,158,23
158:41:-,158,41
158:62:-,158,62
158:77:-,158,77
158:134:-,158,134
158:135:-,158,135
218:37:-,218,37
241:50:-,241,50
241:60:-,241,60
241:98:-,241,98
241:99:-,241,99
248:94:-,248,94
248:106:-,248,106
248:123:-,248,123
264:15:+,264,15
264:44:+,264,44
264:74:+,264,74
264:82:+,264,82
264:114:+,264,114
264:137:+,264,137
264:139:+,264,139
264:140:+,264,140
329:108:+,329,108
329:126:+,329,126
343:19:-,343,19
343:22:-,343,22
343:25:-,343,25
343:28:-,343,28
343:115:-,343,115
343:137:-,343,137
369:63:+,369,63
369:134:+,369,134
375:73:-,375,73
375:93:-,375,93
376:116:-,376,116
378:111:+,378,111
415:138:-,415,138
495:16:-,495,16
495:18:-,495,18
495:22:-,495,22
495:25:-,495,25
495:27:-,495,27
497:18:-,497,18
497:34:-,497,34
502:126:-,502,126
665:109:+,665,109
665:111:+,665,111
665:138:+,665,138
672:17:+,672,17
672:36:+,672,36
672:58:+,672,58
672:83:+,672,83
672:95:+,672,95
673:11:-,673,11
673:84:-,673,84
673:101:-,673,101
673:132:-,673,132
673:135:-,673,135
721:123:-,721,123
721:125:-,721,125
736:34:-,736,34
736:51:-,736,51
792:122:-,792,122
812:114:+,812,114
814:27:-,814,27
962:65:+,962,65
962:117:+,962,117
1022:54:+,1022,54
1022:112:+,1022,112
1023:11:-,1023,11
1023:29:-,1023,29
1023:38:-,1023,38
1023:80:-,1023,80
1024:129:+,1024,129
1025:17:-,1025,17
1025:59:-,1025,59
1025:78:-,1025,78
1025:117:-,1025,117
1025:132:-,1025,132
1030:57:+,1030,57
1030:127:+,1030,127
1030:128:+,1030,128
1039:80:-,1039,80
1057:65:+,1057,65
1057:103:+,1057,103
1058:76:-,1058,76
1058:117:-,1058,117
1107:109:+,1107,109
1117:30:+,1117,30
1117:55:+,1117,55
1117:70:+,1117,70
1117:88:+,1117,88
1118:14:-,1118,14
1118:23:-,1118,23
1118:54:-,1118,54
1118:95:-,1118,95
1118:117:-,1118,117
1133:115:+,1133,115
1135:67:+,1135,67
1135:71:+,1135,71
1135:82:+,1135,82
1135:98:+,1135,98
1135:101:+,1135,101
1135:118:+,1135,118
1135:138:+,1135,138
1135:139:+,1135,139
1144:59:+,1144,59
1144:83:+,1144,83
1144:86:+,1144,86
1144:100:+,1144,100
1196:122:-,1196,122
1252:39:-,1252,39
1252:135:-,1252,135
1274:122:-,1274,122
1330:8:+,1330,8
1330:39:+,1330,39
1330:48:+,1330,48
1330:53:+,1330,53
1330:79:+,1330,79
1330:97:+,1330,97
1336:118:+,1336,118
1339:31:+,1339,31
1339:81:+,1339,81
1339:82:+,1339,82
1339:84:+,1339,84
1339:121:+,1339,121
1339:127:+,1339,127
1340:58:-,1340,58
1340:76:-,1340,76
1345:85:-,1345,85
1358:35:+,1358,35
1358:137:+,1358,137
1359:45:-,1359,45
1359:65:-,1359,65
1359:71:-,1359,71
1359:94:-,1359,94
1359:99:-,1359,99
1359:137:-,1359,137
1368:31:+,1368,31
1368:88:+,1368,88
1374:57:+,1374,57
1374:60:+,1374,60
1374:63:+,1374,63
1374:81:+,1374,81
1374:105:+,1374,105
1374:114:+,1374,114
1375:53:-,1375,53
1375:94:-,1375,94
1375:100:-,1375,100
1375:101:-,1375,101
1375:103:-,1375,103
1375:105:-,1375,105
1375:119:-,1375,119
1375:140:-,1375,140
1422:32:+,1422,32
1422:66:+,1422,66
1425:76:-,1425,76
1431:70:-,1431,70
1431:93:-,1431,93
1440:119:+,1440,119
1457:32:-,1457,32
1457:65:-,1457,65
1457:67:-,1457,67
1457:86:-,1457,86
1475:69:+,1475,69
1475:124:+,1475,124
1486:10:+,1486,10
1486:19:+,1486,19
1486:20:+,1486,20
1486:22:+,1486,22
1486:34:+,1486,34
1486:37:+,1486,37
1486:47:+,1486,47
1486:96:+,1486,96
1487:114:-,1487,114
1487:122:-,1487,122
1487:133:-,1487,133
1586:26:+,1586,26
1586:41:+,1586,41
1600:108:+,1600,108
1600:124:+,1600,124
1600:128:+,1600,128
1600:129:+,1600,129
1600:137:+,1600,137
1600:138:+,1600,138
1601:62:-,1601,62
1601:79:-,1601,79
1625:31:+,1625,31
1625:101:+,1625,101
1625:119:+,1625,119
1626:17:-,1626,17
1626:62:-,1626,62
1626:115:-,1626,115
1626:118:-,1626,118
1692:41:-,1692,41
1692:44:-,1692,44
1692:51:-,1692,51
1692:60:-,1692,60
1692:63:-,1692,63
1692:80:-,1692,80
1692:139:-,1692,139
1714:70:-,1714,70
1720:30:+,1720,30
1720:42:+,1720,42
1720:48:+,1720,48
1720:61:+,1720,61
1720:63:+,1720,63
1721:119:-,1721,119
1721:130:-,1721,130
1721:131:-,1721,131
1730:9:+,1730,9
1730:37:+,1730,37
1730:63:+,1730,63
1730:110:+,1730,110
1754:62:+,1754,62
1754:83:+,1754,83
1754:86:+,1754,86
1755:63:-,1755,63
1761:39:-,1761,39
1762:59:+,1762,59
1762:131:+,1762,131
1762:132:+,1762,132
1762:134:+,1762,134
1762:135:+,1762,135
1763:30:-,1763,30
1763:57:-,1763,57
1763:60:-,1763,60
1763:96:-,1763,96
1763:119:-,1763,119
1774:65:+,1774,65
1774:68:+,1774,68
1774:125:+,1774,125
1787:66:+,1787,66
1787:99:+,1787,99
1797:109:+,1797,109
1797:128:+,1797,128
1797:137:+,1797,137
1798:13:-,1798,13
1798:34:-,1798,34
1798:39:-,1798,39
1798:62:-,1798,62
1798:98:-,1798,98
1805:15:+,1805,15
1805:21:+,1805,21
1805:38:+,1805,38
1805:57:+,1805,57
1805:114:+,1805,114
1805:132:+,1805,132
1805:140:+,1805,140
1834:9:-,1834,9
1834:12:-,1834,12
1837:59:+,1837,59
1837:60:+,1837,60
1837:76:+,1837,76
1837:111:+,1837,111
1837:112:+,1837,112
1837:117:+,1837,117
1838:83:-,1838,83
1854:15:-,1854,15
1854:22:-,1854,22
1854:35:-,1854,35
1854:131:-,1854,131
1889:133:-,1889,133
1889:134:-,1889,134
1889:136:-,1889,136
1889:139:-,1889,139
1903:62:-,1903,62
1904:11:+,1904,11
1904:23:+,1904,23
1973:124:+,1973,124
1973:126:+,1973,126
1985:105:-,1985,105
1985:117:-,1985,117
1994:116:+,1994,116
1994:117:+,1994,117
1994:130:+,1994,130
2017:70:-,2017,70
2017:87:-,2017,87
2017:123:-,2017,123
2031:32:-,2031,32
2031:99:-,2031,99
2031:105:-,2031,105
2062:137:+,2062,137
2063:112:-,2063,112
2073:61:-,2073,61
2073:109:-,2073,109
2073:118:-,2073,118
2081:57:+,2081,57
2081:87:+,2081,87
2081:108:+,2081,108
2082:19:-,2082,19
2082:111:-,2082,111
2146:19:+,2146,19
2146:50:+,2146,50
2146:65:+,2146,65
2146:68:+,2146,68
2146:95:+,2146,95
2146:139:+,2146,139
2154:21:+,2154,21
2154:40:+,2154,40
2154:57:+,2154,57
2154:120:+,2154,120
2154:122:+,2154,122
2154:124:+,2154,124
2154:125:+,2154,125
2154:129:+,2154,129
2155:55:-,2155,55
2155:91:-,2155,91
2155:92:-,2155,92
2155:98:-,2155,98
2158:45:+,2158,45
2158:60:+,2158,60
2158:66:+,2158,66
2158:103:+,2158,103
2158:104:+,2158,104
2158:137:+,2158,137
2163:26:-,2163,26
2163:136:-,2163,136
2183:25:+,2183,25
2230:55:+,2230,55
2230:86:+,2230,86
2230:105:+,2230,105
2230:118:+,2230,118
2231:48:-,2231,48
2239:63:+,2239,63
2239:93:+,2239,93
2239:96:+,2239,96
2239:101:+,2239,101
2239:102:+,2239,102
2239:104:+,2239,104
2239:107:+,2239,107
2239:116:+,2239,116
2252:17:+,2252,17
2253:24:-,2253,24
2259:51:+,2259,51
2259:102:+,2259,102
2295:32:-,2295,32
2302:44:-,2302,44
2302:60:-,2302,60
2302:68:-,2302,68
2302:113:-,2302,113
2302:131:-,2302,131
2302:140:-,2302,140
2325:48:-,2325,48
2325:91:-,2325,91
2326:33:-,2326,33
2327:54:-,2327,54
2327:60:-,2327,60
2327:63:-,2327,63
2329:56:+,2329,56
2329:84:+,2329,84
2343:18:+,2343,18
2343:63:+,2343,63
2400:8:+,2400,8
2400:46:+,2400,46
2400:86:+,2400,86
2400:99:+,2400,99
2400:124:+,2400,124
2401:81:-,2401,81
2401:95:-,2401,95
2401:114:-,2401,114
2403:8:+,2403,8
2403:91:+,2403,91
2404:73:-,2404,73
2404:96:-,2404,96
2404:115:-,2404,115
2407:12:-,2407,12
2407:14:-,2407,14
2407:15:-,2407,15
2407:20:-,2407,20
2407:24:-,2407,24
2407:139:-,2407,139
2407:140:-,2407,140
2408:80:+,2408,80
2408:91:+,2408,91
2408:118:+,2408,118
2408:120:+,2408,120
2408:127:+,2408,127
2409:66:+,2409,66
2409:75:+,2409,75
2409:122:+,2409,122
2409:128:+,2409,128
2410:48:-,2410,48
2410:49:-,2410,49
2410:55:-,2410,55
2410:69:-,2410,69
2410:74:-,2410,74
2410:76:-,2410,76
2410:85:-,2410,85
2410:109:-,2410,109
2410:115:-,2410,115
2410:119:-,2410,119
2410:120:-,2410,120
2410:127:-,2410,127
2410:128:-,2410,128
2416:36:+,2416,36
2416:48:+,2416,48
2416:54:+,2416,54
2416:79:+,2416,79
2417:38:-,2417,38
2417:79:-,2417,79
2417:118:-,2417,118
2417:135:-,2417,135
2434:14:+,2434,14
2434:23:+,2434,23
2462:28:-,2462,28
2462:39:-,2462,39
2484:7:-,2484,7
2484:12:-,2484,12
2484:13:-,2484,13
2484:16:-,2484,16
2484:32:-,2484,32
2484:63:-,2484,63
2484:102:-,2484,102
2545:38:+,2545,38
2545:62:+,2545,62
2545:100:+,2545,100
2545:124:+,2545,124
2545:133:+,2545,133
2546:10:-,2546,10
2546:24:-,2546,24
2546:62:-,2546,62
2546:73:-,2546,73
2546:79:-,2546,79
2564:112:+,2564,112
2564:116:+,2564,116
2584:11:+,2584,11
2584:27:+,2584,27
2584:75:+,2584,75
2584:93:+,2584,93
2584:107:+,2584,107
2584:114:+,2584,114
2584:115:+,2584,115
2584:118:+,2584,118
2584:139:+,2584,139
2585:14:-,2585,14
2585:47:-,2585,47
2591:118:+,2591,118
2591:122:+,2591,122
2591:136:+,2591,136
2597:32:-,2597,32
2597:50:-,2597,50
2597:74:-,2597,74
2597:77:-,2597,77
2597:92:-,2597,92
2602:56:-,2602,56
2602:93:-,2602,93
2602:98:-,2602,98
2602:129:-,2602,129
2608:31:+,2608,31
2608:32:+,2608,32
2608:34:+,2608,34
2608:40:+,2608,40
2608:91:+,2608,91
2608:97:+,2608,97
2608:100:+,2608,100
2608:121:+,2608,121
2608:130:+,2608,130
2608:136:+,2608,136
2623:122:-,2623,122
2623:140:-,2623,140
2624:38:+,2624,38
2624:52:+,2624,52
2624:72:+,2624,72
2624:137:+,2624,137
2631:122:+,2631,122
2632:22:-,2632,22
2632:66:-,2632,66
2632:125:-,2632,125
2663:9:-,2663,9
2663:18:-,2663,18
2663:81:-,2663,81
2663:87:-,2663,87
2663:102:-,2663,102
2663:105:-,2663,105
2663:123:-,2663,123
2663:126:-,2663,126
2663:129:-,2663,129
2676:127:-,2676,127
2782:65:-,2782,65
2792:11:-,2792,11
2792:33:-,2792,33
2792:84:-,2792,84
2792:91:-,2792,91
2792:110:-,2792,110
2792:112:-,2792,112
2816:98:-,2816,98
2883:27:-,2883,27
2886:140:+,2886,140
2919:82:+,2919,82
2919:83:+,2919,83
2919:85:+,2919,85
2919:91:+,2919,91
2920:104:-,2920,104
2920:114:-,2920,114
2920:128:-,2920,128
2950:80:+,2950,80
2959:75:+,2959,75
2959:87:+,2959,87
2959:109:+,2959,109
2959:111:+,2959,111
2959:112:+,2959,112
2959:122:+,2959,122
2959:132:+,2959,132
2959:135:+,2959,135
2959:136:+,2959,136
2960:50:-,2960,50
2960:53:-,2960,53
2960:98:-,2960,98
2960:104:-,2960,104
2960:105:-,2960,105
2960:109:-,2960,109
2960:112:-,2960,112
2960:113:-,2960,113
2960:117:-,2960,117
2960:123:-,2960,123
2960:137:-,2960,137
2994:91:-,2994,91
2994:93:-,2994,93
2994:104:-,2994,104
2994:114:-,2994,114
3029:32:-,3029,32
3029:71:-,3029,71
3029:73:-,3029,73
3029:83:-,3029,83
3029:110:-,3029,110
3037:68:+,3037,68
3038:36:-,3038,36
3038:124:-,3038,124
3038:125:-,3038,125
3064:85:-,3064,85
3066:20:-,3066,20
3066:74:-,3066,74
3066:77:-,3066,77
3066:95:-,3066,95
3066:105:-,3066,105
3066:106:-,3066,106
3066:137:-,3066,137
3078:39:-,3078,39
3118:12:+,3118,12
3118:96:+,3118,96
3118:98:+,3118,98
3118:100:+,3118,100
3118:133:+,3118,133
3118:136:+,3118,136
3119:20:-,3119,20
3119:95:-,3119,95
3119:105:-,3119,105
3119:116:-,3119,116
3119:126:-,3119,126
3119:137:-,3119,137
3187:78:-,3187,78
3187:98:-,3187,98
3267:56:-,3267,56
3267:101:-,3267,101
3282:27:+,3282,27
3282:93:+,3282,93
3283:14:-,3283,14
3283:56:-,3283,56
3283:80:-,3283,80
3283:89:-,3283,89
3283:124:-,3283,124
3290:29:+,3290,29
3290:34:+,3290,34
3290:35:+,3290,35
3290:55:+,3290,55
3290:58:+,3290,58
3290:59:+,3290,59
3290:94:+,3290,94
3290:109:+,3290,109
3290:111:+,3290,111
3290:118:+,3290,118
3290:136:+,3290,136
3291:17:-,3291,17
3291:61:-,3291,61
3291:92:-,3291,92
3291:110:-,3291,110
3291:123:-,3291,123
3295:11:+,3295,11
3296:66:-,3296,66
3297:80:+,3297,80
3306:25:+,3306,25
3306:62:+,3306,62
3306:71:+,3306,71
3306:72:+,3306,72
3306:99:+,3306,99
3308:63:+,3308,63
3308:90:+,3308,90
3309:53:-,3309,53
3309:59:-,3309,59
3309:65:-,3309,65
3309:79:-,3309,79
3309:80:-,3309,80
3309:120:-,3309,120
3309:122:-,3309,122
3309:123:-,3309,123
3309:125:-,3309,125
3309:126:-,3309,126
3309:130:-,3309,130
3328:114:+,3328,114
3329:20:-,3329,20
3329:57:-,3329,57
3329:59:-,3329,59
3329:65:-,3329,65
3329:72:-,3329,72
3329:89:-,3329,89
3329:91:-,3329,91
3329:106:-,3329,106
3355:81:+,3355,81
3355:84:+,3355,84
3355:86:+,3355,86
3355:90:+,3355,90
3355:93:+,3355,93
3355:99:+,3355,99
3355:108:+,3355,108
3356:50:-,3356,50
3356:72:-,3356,72
3356:107:-,3356,107
3359:24:-,3359,24
3359:45:-,3359,45
3359:75:-,3359,75
3359:97:-,3359,97
3359:110:-,3359,110
3359:114:-,3359,114
3416:98:+,3416,98
3416:116:+,3416,116
3435:67:-,3435,67
3435:70:-,3435,70
3435:129:-,3435,129
3435:136:-,3435,136
3435:141:-,3435,141
3462:7:-,3462,7
3462:10:-,3462,10
3462:75:-,3462,75
3467:108:-,3467,108
3475:133:+,3475,133
3476:128:-,3476,128
3476:130:-,3476,130
3499:113:-,3499,113
3518:56:-,3518,56
3518:104:-,3518,104
3529:12:+,3529,12
3529:43:+,3529,43
3529:57:+,3529,57
3530:43:-,3530,43
3530:102:-,3530,102
3549:82:+,3549,82
3645:48:+,3645,48
3680:38:-,3680,38
3680:41:-,3680,41
3680:44:-,3680,44
3735:101:-,3735,101
3735:102:-,3735,102
3753:50:-,3753,50
3753:59:-,3753,59
3753:69:-,3753,69
3753:105:-,3753,105
3753:110:-,3753,110
3788:24:+,3788,24
3788:97:+,3788,97
3788:130:+,3788,130
3816:141:+,3816,141
3817:115:-,3817,115
3817:116:-,3817,116
3872:44:-,3872,44
3872:47:-,3872,47
3872:51:-,3872,51
3872:57:-,3872,57
3872:89:-,3872,89
3872:105:-,3872,105
3872:106:-,3872,106
3872:113:-,3872,113
3872:135:-,3872,135
3872:136:-,3872,136
3898:55:+,3898,55
3898:120:+,3898,120
3898:134:+,3898,134
3898:138:+,3898,138
3905:20:+,3905,20
3905:21:+,3905,21
3905:23:+,3905,23
3905:41:+,3905,41
3905:111:+,3905,111
3913:15:+,3913,15
3913:69:+,3913,69
3913:84:+,3913,84
3914:105:-,3914,105
3919:15:+,3919,15
3919:84:+,3919,84
3920:17:-,3920,17
3920:120:-,3920,120
3920:129:-,3920,129
4007:51:-,4007,51
4007:58:-,4007,58
4007:66:-,4007,66
4007:85:-,4007,85
4007:87:-,4007,87
4007:88:-,4007,88
4007:92:-,4007,92
4007:137:-,4007,137
4056:26:+,4056,26
4056:28:+,4056,28
4056:138:+,4056,138
4070:9:-,4070,9
4070:25:-,4070,25
4070:72:-,4070,72
4070:75:-,4070,75
4070:128:-,4070,128
4070:136:-,4070,136
4120:35:-,4120,35
4120:47:-,4120,47
4120:105:-,4120,105
4120:136:-,4120,136
4138:100:-,4138,100
4143:15:+,4143,15
4143:39:+,4143,39
4143:43:+,4143,43
4143:45:+,4143,45
4143:105:+,4143,105
4153:43:+,4153,43
4153:55:+,4153,55
4153:61:+,4153,61
4153:75:+,4153,75
4153:123:+,4153,123
4153:126:+,4153,126
4153:127:+,4153,127
4153:130:+,4153,130
4153:131:+,4153,131
4168:116:+,4168,116
4174:89:-,4174,89
4225:109:+,4225,109
4225:131:+,4225,131
4225:137:+,4225,137
4226:114:-,4226,114
4226:121:-,4226,121
4226:125:-,4226,125
4226:136:-,4226,136
4335:40:+,4335,40
4335:46:+,4335,46
4335:118:+,4335,118
4335:122:+,4335,122
4335:127:+,4335,127
4335:129:+,4335,129
4335:140:+,4335,140
4336:8:-,4336,8
4336:31:-,4336,31
4336:37:-,4336,37
4336:38:-,4336,38
4336:63:-,4336,63
4336:88:-,4336,88
4336:97:-,4336,97
4336:118:-,4336,118
4336:130:-,4336,130
4336:131:-,4336,131
4348:50:-,4348,50
4348:87:-,4348,87
4348:115:-,4348,115
4369:42:+,4369,42
4369:52:+,4369,52
4369:75:+,4369,75
4369:80:+,4369,80
4369:86:+,4369,86
4369:87:+,4369,87
4369:95:+,4369,95
4369:96:+,4369,96
4369:97:+,4369,97
4369:134:+,4369,134
4370:79:-,4370,79
4370:84:-,4370,84
4370:87:-,4370,87
4370:129:-,4370,129
4390:10:+,4390,10
4391:32:-,4391,32
4391:65:-,4391,65
4391:67:-,4391,67
4391:68:-,4391,68
4391:77:-,4391,77
4391:86:-,4391,86
4391:107:-,4391,107
4391:122:-,4391,122
4391:125:-,4391,125
4392:25:-,4392,25
4392:49:-,4392,49
4500:10:+,4500,10
4500:16:+,4500,16
4500:64:+,4500,64
4500:134:+,4500,134
4500:138:+,4500,138
4500:139:+,4500,139
4567:89:+,4567,89
4567:98:+,4567,98
4567:104:+,4567,104
4630:78:+,4630,78
4630:80:+,4630,80
4630:130:+,4630,130
4683:31:-,4683,31
4733:14:-,4733,14
4733:30:-,4733,30
4733:55:-,4733,55
4735:111:+,4735,111
4735:131:+,4735,131
4736:32:-,4736,32
4736:47:-,4736,47
4736:92:-,4736,92
4736:133:-,4736,133
4757:43:+,4757,43
4757:108:+,4757,108
4757:121:+,4757,121
4757:136:+,4757,136
4757:140:+,4757,140
4763:24:-,4763,24
4763:46:-,4763,46
4763:96:-,4763,96
4763:116:-,4763,116
4763:126:-,4763,126
4771:14:+,4771,14
4788:55:+,4788,55
4788:60:+,4788,60
4788:106:+,4788,106
4788:109:+,4788,109
4788:133:+,4788,133
4797:54:+,4797,54
4797:61:+,4797,61
4797:78:+,4797,78
4797:90:+,4797,90
4797:99:+,4797,99
4797:105:+,4797,105
4797:110:+,4797,110
4797:121:+,4797,121
4798:54:-,4798,54
4798:77:-,4798,77
4798:92:-,4798,92
4798:104:-,4798,104
4798:107:-,4798,107
4809:21:+,4809,21
4809:24:+,4809,24
4809:42:+,4809,42
4809:48:+,4809,48
4809:67:+,4809,67
4809:103:+,4809,103
4809:117:+,4809,117
4823:11:+,4823,11
4823:23:+,4823,23
4887:129:-,4887,129
4887:140:-,4887,140
4906:105:+,4906,105
4907:130:-,4907,130
4907:139:-,4907,139
4980:11:+,4980,11
4980:24:+,4980,24
4980:51:+,4980,51
4980:58:+,4980,58
4980:65:+,4980,65
4980:83:+,4980,83
4980:90:+,4980,90
4980:127:+,4980,127
4981:11:-,4981,11
4981:12:-,4981,12
4981:16:-,4981,16
4981:26:-,4981,26
4981:66:-,4981,66
4981:76:-,4981,76
4987:101:-,4987,101
4987:112:-,4987,112
4987:131:-,4987,131
4987:134:-,4987,134
5036:106:+,5036,106
5044:19:-,5044,19
5044:60:-,5044,60
5044:83:-,5044,83
5044:85:-,5044,85
5044:88:-,5044,88
5044:105:-,5044,105
5044:124:-,5044,124
5057:78:-,5057,78
5202:19:+,5202,19
5208:51:-,5208,51
5208:64:-,5208,64
5208:121:-,5208,121
5230:42:-,5230,42
5296:40:+,5296,40
5296:90:+,5296,90
5319:106:+,5319,106
5446:42:-,5446,42
5446:82:-,5446,82
5446:98:-,5446,98
5511:79:-,5511,79
5511:106:-,5511,106
5541:35:+,5541,35
5541:142:+,5541,142
5542:123:-,5542,123
5557:116:+,5557,116
5557:118:+,5557,118
5558:140:-,5558,140
5575:119:-,5575,119
5579:113:+,5579,113
5644:38:+,5644,38
5644:128:+,5644,128
5649:138:+,5649,138
5840:74:+,5840,74
5840:75:+,5840,75
5840:126:+,5840,126
5841:67:-,5841,67
5849:140:+,5849,140
5871:112:-,5871,112
5871:114:-,5871,114
5871:127:-,5871,127
5871:134:-,5871,134
5893:66:-,5893,66
5893:111:-,5893,111
5893:132:-,5893,132
5923:119:+,5923,119
5923:125:+,5923,125
5960:98:+,5960,98
5960:124:+,5960,124
5960:130:+,5960,130
5960:135:+,5960,135
5960:139:+,5960,139
5961:21:-,5961,21
5961:30:-,5961,30
5961:31:-,5961,31
5961:32:-,5961,32
5961:37:-,5961,37
5961:40:-,5961,40
5961:54:-,5961,54
5961:55:-,5961,55
5961:60:-,5961,60
5961:76:-,5961,76
5961:101:-,5961,101
5961:122:-,5961,122
5961:126:-,5961,126
5993:39:+,5993,39
5993:106:+,5993,106
5993:109:+,5993,109
5993:110:+,5993,110
5993:129:+,5993,129
5993:132:+,5993,132
6009:11:+,6009,11
6024:10:+,6024,10
6024:12:+,6024,12
6024:61:+,6024,61
6024:62:+,6024,62
6024:75:+,6024,75
6024:80:+,6024,80
6024:85:+,6024,85
6024:107:+,6024,107
6024:121:+,6024,121
6024:128:+,6024,128
6024:130:+,6024,130
6024:132:+,6024,132
6037:48:-,6037,48
6037:56:-,6037,56
6095:9:-,6095,9
6095:34:-,6095,34
6103:19:-,6103,19
6203:89:-,6203,89
6238:59:+,6238,59
6238:61:+,6238,61
6238:65:+,6238,65
6238:92:+,6238,92
6238:99:+,6238,99
6238:127:+,6238,127
6238:130:+,6238,130
6238:134:+,6238,134
6250:97:+,6250,97
6250:124:+,6250,124
6250:136:+,6250,136
6251:44:-,6251,44
6251:68:-,6251,68
6251:85:-,6251,85
6251:90:-,6251,90
6251:103:-,6251,103
6251:106:-,6251,106
6251:115:-,6251,115
6251:134:-,6251,134
6262:136:+,6262,136
6268:68:+,6268,68
6268:83:+,6268,83
6268:95:+,6268,95
6268:123:+,6268,123
6278:102:+,6278,102
6278:111:+,6278,111
6278:138:+,6278,138
6297:27:-,6297,27
6297:132:-,6297,132
6408:36:-,6408,36
6408:50:-,6408,50
6408:104:-,6408,104
6411:23:+,6411,23
6440:77:+,6440,77
6440:87:+,6440,87
6440:92:+,6440,92
6440:98:+,6440,98
6440:106:+,6440,106
6440:108:+,6440,108
6441:12:-,6441,12
6441:27:-,6441,27
6441:90:-,6441,90
6441:108:-,6441,108
6441:114:-,6441,114
6489:63:-,6489,63
6489:100:-,6489,100
6489:130:-,6489,130
6489:138:-,6489,138
6519:18:-,6519,18
6519:34:-,6519,34
6519:67:-,6519,67
6519:69:-,6519,69
6519:93:-,6519,93
6519:127:-,6519,127
6519:130:-,6519,130
6519:132:-,6519,132
6520:37:+,6520,37
6520:90:+,6520,90
6520:106:+,6520,106
6520:132:+,6520,132
6520:140:+,6520,140
6547:20:-,6547,20
6547:77:-,6547,77
6602:120:-,6602,120
6602:127:-,6602,127
6602:133:-,6602,133
6602:136:-,6602,136
6602:137:-,6602,137
6603:131:-,6603,131
6675:25:+,6675,25
6675:77:+,6675,77
6675:136:+,6675,136
6675:138:+,6675,138
6675:139:+,6675,139
6683:66:-,6683,66
6683:70:-,6683,70
6693:39:+,6693,39
6693:96:+,6693,96
6693:133:+,6693,133
6695:61:+,6695,61
6695:129:+,6695,129
6696:62:-,6696,62
6696:72:-,6696,72
6696:122:-,6696,122
6696:138:-,6696,138
6696:139:-,6696,139
6696:140:-,6696,140
6698:13:-,6698,13
6698:54:-,6698,54
6833:75:+,6833,75
6863:52:+,6863,52
6864:111:-,6864,111
6887:22:+,6887,22
6887:25:+,6887,25
6887:70:+,6887,70
6887:133:+,6887,133
6933:10:-,6933,10
6933:84:-,6933,84
6933:96:-,6933,96
6933:98:-,6933,98
6933:102:-,6933,102
6933:113:-,6933,113
6958:102:-,6958,102
7042:141:-,7042,141
7066:84:+,7066,84
7183:35:-,7183,35
7213:22:-,7213,22
7224:8:+,7224,8
7224:50:+,7224,50
7224:100:+,7224,100
7224:109:+,7224,109
7224:112:+,7224,112
7224:136:+,7224,136
7225:123:-,7225,123
7225:138:-,7225,138
7225:139:-,7225,139
7233:30:+,7233,30
7233:56:+,7233,56
7233:76:+,7233,76
7233:113:+,7233,113
7233:129:+,7233,129
7236:53:-,7236,53
7236:60:-,7236,60
7236:74:-,7236,74
7236:115:-,7236,115
7249:83:+,7249,83
7249:92:+,7249,92
7249:97:+,7249,97
7249:128:+,7249,128
7257:60:-,7257,60
7257:63:-,7257,63
7257:120:-,7257,120
7257:129:-,7257,129
7263:12:+,7263,12
7263:51:+,7263,51
7263:132:+,7263,132
7264:8:-,7264,8
7264:41:-,7264,41
7264:58:-,7264,58
7278:39:-,7278,39
7292:120:+,7292,120
7292:123:+,7292,123
7294:13:-,7294,13
7294:64:-,7294,64
7294:87:-,7294,87
7332:112:+,7332,112
7347:51:+,7347,51
7347:92:+,7347,92
7347:97:+,7347,97
7411:56:+,7411,56
7411:103:+,7411,103
7411:133:+,7411,133
7412:11:-,7412,11
7412:12:-,7412,12
7412:26:-,7412,26
7412:58:-,7412,58
7412:79:-,7412,79
7412:95:-,7412,95
7412:99:-,7412,99
7412:105:-,7412,105
7412:125:-,7412,125
7444:12:+,7444,12
7444:28:+,7444,28
7444:53:+,7444,53
7444:128:+,7444,128
7444:132:+,7444,132
7467:50:-,7467,50
7467:64:-,7467,64
7467:69:-,7467,69
7503:74:+,7503,74
7503:85:+,7503,85
7504:51:-,7504,51
7504:80:-,7504,80
7504:102:-,7504,102
7504:107:-,7504,107
7504:108:-,7504,108
7504:133:-,7504,133
7504:137:-,7504,137
7504:140:-,7504,140
7522:44:+,7522,44
7522:74:+,7522,74
7523:98:-,7523,98
7537:126:+,7537,126
7579:98:-,7579,98
7579:129:-,7579,129
7597:15:+,7597,15
7597:18:+,7597,18
7597:42:+,7597,42
7597:80:+,7597,80
7597:104:+,7597,104
7598:8:-,7598,8
7598:23:-,7598,23
7598:118:-,7598,118
7613:48:-,7613,48
7613:139:-,7613,139
7627:75:+,7627,75
7639:27:+,7639,27
7654:131:-,7654,131
7661:79:+,7661,79
7700:8:+,7700,8
7704:11:-,7704,11
7704:12:-,7704,12
7704:21:-,7704,21
7704:22:-,7704,22
7704:41:-,7704,41
7704:88:-,7704,88
7704:121:-,7704,121
7704:126:-,7704,126
7734:57:-,7734,57
7745:49:+,7745,49
7745:73:+,7745,73
7745:95:+,7745,95
7746:19:-,7746,19
7746:25:-,7746,25
7746:37:-,7746,37
7746:88:-,7746,88
7746:94:-,7746,94
7748:110:+,7748,110
7758:9:+,7758,9
7758:54:+,7758,54
7758:63:+,7758,63
7758:120:+,7758,120
7763:18:-,7763,18
7763:111:-,7763,111
7763:126:-,7763,126
7763:129:-,7763,129
7783:26:+,7783,26
7783:68:+,7783,68
7783:75:+,7783,75
7783:95:+,7783,95
7783:111:+,7783,111
7793:19:+,7793,19
7793:28:+,7793,28
7793:49:+,7793,49
7793:65:+,7793,65
7793:98:+,7793,98
7794:26:-,7794,26
7794:29:-,7794,29
7794:61:-,7794,61
7794:69:-,7794,69
7800:12:+,7800,12
7800:48:+,7800,48
7800:74:+,7800,74
7800:82:+,7800,82
7801:39:-,7801,39
7801:48:-,7801,48
7801:57:-,7801,57
7801:90:-,7801,90
7801:93:-,7801,93
7801:138:-,7801,138
7816:39:+,7816,39
7816:62:+,7816,62
7816:129:+,7816,129
7816:136:+,7816,136
7817:108:-,7817,108
7852:80:+,7852,80
7852:105:+,7852,105
7852:112:+,7852,112
7852:115:+,7852,115
7852:123:+,7852,123
7852:139:+,7852,139
7864:12:-,7864,12
7864:14:-,7864,14
7864:124:-,7864,124
7883:36:+,7883,36
7883:84:+,7883,84
7883:107:+,7883,107
7883:112:+,7883,112
7884:61:-,7884,61
7884:80:-,7884,80
7919:46:+,7919,46
7934:83:+,7934,83
7934:91:+,7934,91
7934:93:+,7934,93
7935:11:-,7935,11
7935:32:-,7935,32
7935:44:-,7935,44
7935:85:-,7935,85
7935:89:-,7935,89
7935:95:-,7935,95
7935:99:-,7935,99
7935:119:-,7935,119
7960:65:+,7960,65
7961:45:-,7961,45
7961:82:-,7961,82
7961:109:-,7961,109
7961:137:-,7961,137
7961:140:-,7961,140
8021:25:+,8021,25
8021:29:+,8021,29
8021:52:+,8021,52
8022:17:-,8022,17
8022:50:-,8022,50
8022:74:-,8022,74
8022:80:-,8022,80
8024:47:+,8024,47
8024:107:+,8024,107
8024:108:+,8024,108
8037:16:-,8037,16
8061:20:+,8061,20
8061:89:+,8061,89
8062:33:-,8062,33
8090:63:-,8090,63
8097:15:+,8097,15
8097:16:+,8097,16
8097:20:+,8097,20
8102:30:-,8102,30
8154:19:+,8154,19
8154:22:+,8154,22
8154:46:+,8154,46
8155:17:-,8155,17
8175:73:-,8175,73
8175:79:-,8175,79
8194:129:-,8194,129
8219:76:+,8219,76
8408:80:+,8408,80
8408:137:+,8408,137
8409:80:-,8409,80
8409:139:-,8409,139
8409:140:-,8409,140
8487:141:+,8487,141
8584:110:+,8584,110
8584:114:+,8584,114
8584:133:+,8584,133
8584:137:+,8584,137
8585:25:-,8585,25
8585:42:-,8585,42
8585:53:-,8585,53
8585:110:-,8585,110
8630:31:-,8630,31
8630:46:-,8630,46
8690:84:+,8690,84
8690:89:+,8690,89
8701:67:+,8701,67
8702:41:-,8702,41
8702:54:-,8702,54
8702:100:-,8702,100
8702:125:-,8702,125
8702:129:-,8702,129
8702:131:-,8702,131
8702:136:-,8702,136
8702:138:-,8702,138
8721:47:+,8721,47
8721:94:+,8721,94
8721:132:+,8721,132
8752:23:+,8752,23
8752:24:+,8752,24
8752:40:+,8752,40
8752:44:+,8752,44
8752:47:+,8752,47
8752:63:+,8752,63
8752:81:+,8752,81
8753:101:-,8753,101
8761:76:-,8761,76
8766:135:+,8766,135
8766:137:+,8766,137
8774:31:-,8774,31
8779:7:-,8779,7
8791:112:-,8791,112
8791:113:-,8791,113
8791:124:-,8791,124
8802:43:+,8802,43
8804:135:+,8804,135
8815:11:+,8815,11
8815:96:+,8815,96
8815:97:+,8815,97
8910:40:-,8910,40
8910:72:-,8910,72
8910:92:-,8910,92
8910:93:-,8910,93
8910:94:-,8910,94
8910:95:-,8910,95
8910:118:-,8910,118
8917:7:-,8917,7
8917:46:-,8917,46
8917:54:-,8917,54
8917:64:-,8917,64
8917:97:-,8917,97
8917:105:-,8917,105
8917:129:-,8917,129
8917:134:-,8917,134
8917:135:-,8917,135
8942:132:-,8942,132
8984:17:+,8984,17
9013:46:+,9013,46
9013:48:+,9013,48
9013:100:+,9013,100
9129:32:+,9129,32
9129:131:+,9129,131
9129:132:+,9129,132
9129:136:+,9129,136
9129:137:+,9129,137
9129:139:+,9129,139
9145:90:+,9145,90
9146:12:-,9146,12
9146:16:-,9146,16
9146:98:-,9146,98
9162:13:+,9162,13
9162:21:+,9162,21
9162:36:+,9162,36
9162:68:+,9162,68
9162:86:+,9162,86
9162:130:+,9162,130
9162:131:+,9162,131
9162:135:+,9162,135
9162:139:+,9162,139
9184:23:+,9184,23
9184:34:+,9184,34
9184:37:+,9184,37
9184:43:+,9184,43
9184:47:+,9184,47
9184:73:+,9184,73
9184:75:+,9184,75
9184:100:+,9184,100
9184:113:+,9184,113
9184:118:+,9184,118
9189:26:+,9189,26
9189:48:+,9189,48
9189:53:+,9189,53
9189:63:+,9189,63
9189:86:+,9189,86
9189:98:+,9189,98
9189:100:+,9189,100
9189:104:+,9189,104
9189:106:+,9189,106
9189:110:+,9189,110
9189:128:+,9189,128
9189:131:+,9189,131
9190:39:-,9190,39
9190:47:-,9190,47
9204:7:-,9204,7
9204:12:-,9204,12
9204:21:-,9204,21
9204:22:-,9204,22
9204:23:-,9204,23
9204:64:-,9204,64
9204:67:-,9204,67
9204:116:-,9204,116
9221:60:+,9221,60
9221:63:+,9221,63
9221:101:+,9221,101
9221:116:+,9221,116
9250:112:+,9250,112
9250:115:+,9250,115
9250:135:+,9250,135
9250:138:+,9250,138
9251:49:-,9251,49
9262:124:+,9262,124
9263:28:-,9263,28
9263:61:-,9263,61
9296:13:+,9296,13
9296:114:+,9296,114
9297:8:-,9297,8
9297:58:-,9297,58
9302:92:+,9302,92
9302:105:+,9302,105
9304:53:+,9304,53
9304:57:+,9304,57
9304:76:+,9304,76
9304:107:+,9304,107
9305:24:-,9305,24
9314:113:-,9314,113
9315:43:+,9315,43
9315:62:+,9315,62
9316:56:-,9316,56
9317:7:+,9317,7
9317:10:+,9317,10
9317:126:+,9317,126
9317:130:+,9317,130
9318:55:-,9318,55
9325:67:+,9325,67
9325:140:+,9325,140
9491:60:+,9491,60
9491:97:+,9491,97
9521:59:+,9521,59
9521:83:+,9521,83
9521:123:+,9521,123
9521:124:+,9521,124
9521:137:+,9521,137
9521:138:+,9521,138
9524:14:-,9524,14
9524:71:-,9524,71
9524:104:-,9524,104
9524:113:-,9524,113
9524:116:-,9524,116
9530:35:+,9530,35
9530:56:+,9530,56
9530:116:+,9530,116
9531:57:-,9531,57
9541:81:-,9541,81
9541:111:-,9541,111
9549:24:-,9549,24
9549:35:-,9549,35
9549:59:-,9549,59
9549:77:-,9549,77
9549:88:-,9549,88
9549:98:-,9549,98
9557:119:-,9557,119
9557:121:-,9557,121
9557:123:-,9557,123
9557:125:-,9557,125
9557:127:-,9557,127
9577:68:+,9577,68
9577:130:+,9577,130
9617:29:+,9617,29
9617:45:+,9617,45
9617:103:+,9617,103
9617:113:+,9617,113
9617:116:+,9617,116
9617:124:+,9617,124
9617:127:+,9617,127
9617:128:+,9617,128
9617:134:+,9617,134
9618:96:-,9618,96
9631:50:-,9631,50
9637:108:+,9637,108
9637:109:+,9637,109
9638:140:-,9638,140
9646:37:-,9646,37
9646:69:-,9646,69
9646:76:-,9646,76
9646:96:-,9646,96
9646:116:-,9646,116
9646:130:-,9646,130
9696:26:-,9696,26
9696:55:-,9696,55
9696:112:-,9696,112
9716:18:+,9716,18
9764:31:-,9764,31
9764:118:-,9764,118
9764:136:-,9764,136
9764:139:-,9764,139
9798:35:-,9798,35
9798:77:-,9798,77
9798:83:-,9798,83
9798:86:-,9798,86
9798:89:-,9798,89
9798:92:-,9798,92
9862:29:+,9862,29
9862:103:+,9862,103
9862:105:+,9862,105
9886:19:+,9886,19
9886:69:+,9886,69
9886:70:+,9886,70
9886:74:+,9886,74
9887:70:-,9887,70
9887:109:-,9887,109
9887:111:-,9887,111
9926:116:-,9926,116
9926:126:-,9926,126
9926:136:-,9926,136
9927:59:+,9927,59
9927:70:+,9927,70
9927:79:+,9927,79
9928:60:-,9928,60
9928:85:-,9928,85
9928:119:-,9928,119
9935:46:+,9935,46
9936:59:-,9936,59
9936:73:-,9936,73
9936:76:-,9936,76
9936:82:-,9936,82
9941:11:+,9941,11
9941:47:+,9941,47
9941:49:+,9941,49
9941:93:+,9941,93
9941:121:+,9941,121
9941:133:+,9941,133
9941:139:+,9941,139
9942:19:-,9942,19
9942:25:-,9942,25
9942:58:-,9942,58
9942:84:-,9942,84
9959:120:+,9959,120
9959:124:+,9959,124
9959:135:+,9959,135
9959:139:+,9959,139
9962:7:-,9962,7
9962:33:-,9962,33
9962:40:-,9962,40
9962:76:-,9962,76
9962:89:-,9962,89
9962:93:-,9962,93
9962:112:-,9962,112
9962:123:-,9962,123
9973:134:-,9973,134
10011:116:+,10011,116
10034:68:+,10034,68
10034:130:+,10034,130
10034:139:+,10034,139
10048:66:+,10048,66
10048:72:+,10048,72
10048:142:+,10048,142
10049:58:-,10049,58
10089:105:+,10089,105
10089:139:+,10089,139
10089:141:+,10089,141
10128:103:+,10128,103
10129:8:-,10129,8
10135:75:+,10135,75
10154:25:+,10154,25
10154:106:+,10154,106
10154:135:+,10154,135
10154:138:+,10154,138
10155:127:-,10155,127
10155:135:-,10155,135
10188:11:+,10188,11
10188:41:+,10188,41
10188:44:+,10188,44
10188:62:+,10188,62
10194:11:+,10194,11
10194:19:+,10194,19
10194:21:+,10194,21
10194:24:+,10194,24
10194:26:+,10194,26
10194:30:+,10194,30
10194:42:+,10194,42
10194:47:+,10194,47
10194:63:+,10194,63
10211:37:+,10211,37
10211:46:+,10211,46
10211:51:+,10211,51
10211:71:+,10211,71
10219:48:+,10219,48
10219:73:+,10219,73
10219:98:+,10219,98
10219:101:+,10219,101
10219:138:+,10219,138
10220:16:-,10220,16
10220:135:-,10220,135
10250:23:+,10250,23
10250:138:+,10250,138
10251:13:-,10251,13
10251:30:-,10251,30
10289:27:-,10289,27
10301:54:+,10301,54
10301:95:+,10301,95
10301:96:+,10301,96
10301:116:+,10301,116
10301:128:+,10301,128
10305:30:+,10305,30
10305:58:+,10305,58
10305:66:+,10305,66
10305:87:+,10305,87
10305:128:+,10305,128
10306:38:-,10306,38
10306:47:-,10306,47
10306:53:-,10306,53
10306:65:-,10306,65
10306:71:-,10306,71
10307:52:+,10307,52
10307:67:+,10307,67
10308:7:-,10308,7
10308:20:-,10308,20
10308:34:-,10308,34
10308:35:-,10308,35
10308:37:-,10308,37
10308:41:-,10308,41
10308:53:-,10308,53
10308:62:-,10308,62
10308:73:-,10308,73
10308:128:-,10308,128
10308:129:-,10308,129
10323:38:+,10323,38
10323:44:+,10323,44
10323:50:+,10323,50
10323:77:+,10323,77
10323:87:+,10323,87
10323:129:+,10323,129
10324:22:-,10324,22
10324:29:-,10324,29
10324:39:-,10324,39
10324:135:-,10324,135
10334:84:-,10334,84
10334:88:-,10334,88
10334:129:-,10334,129
10334:140:-,10334,140
10354:24:-,10354,24
10354:44:-,10354,44
10354:70:-,10354,70
10354:79:-,10354,79
10354:97:-,10354,97
10354:98:-,10354,98
10354:135:-,10354,135
10373:130:-,10373,130
10395:47:-,10395,47
10395:68:-,10395,68
10395:82:-,10395,82
10395:87:-,10395,87
10395:97:-,10395,97
10395:99:-,10395,99
10395:102:-,10395,102
10395:137:-,10395,137
10401:60:+,10401,60
10401:123:+,10401,123
10401:126:+,10401,126
10401:130:+,10401,130
10411:21:-,10411,21
10411:36:-,10411,36
10411:39:-,10411,39
10411:66:-,10411,66
10411:134:-,10411,134
10416:16:-,10416,16
10416:59:-,10416,59
10416:73:-,10416,73
10416:82:-,10416,82
10416:141:-,10416,141
10423:24:+,10423,24
10423:98:+,10423,98
10438:11:-,10438,11
10438:39:-,10438,39
10438:61:-,10438,61
10438:73:-,10438,73
10447:133:+,10447,133
10447:134:+,10447,134
10448:61:-,10448,61
10448:62:-,10448,62
10448:68:-,10448,68
10448:75:-,10448,75
10448:81:-,10448,81
10448:89:-,10448,89
10481:7:-,10481,7
10481:28:-,10481,28
10481:35:-,10481,35
10481:111:-,10481,111
10500:18:+,10500,18
10500:61:+,10500,61
10502:65:+,10502,65
10502:66:+,10502,66
10503:46:-,10503,46
10522:98:+,10522,98
10523:65:-,10523,65
10523:108:-,10523,108
10523:109:-,10523,109
10523:134:-,10523,134
10530:87:-,10530,87
10530:117:-,10530,117
10548:21:+,10548,21
10548:45:+,10548,45
10548:72:+,10548,72
10548:75:+,10548,75
10597:57:+,10597,57
10601:15:+,10601,15
10625:78:+,10625,78
10625:80:+,10625,80
10625:82:+,10625,82
10625:93:+,10625,93
10625:94:+,10625,94
10625:107:+,10625,107
10625:123:+,10625,123
10630:14:+,10630,14
10673:56:+,10673,56
10673:62:+,10673,62
10673:63:+,10673,63
10674:118:-,10674,118
10674:130:-,10674,130
10698:48:+,10698,48
10698:59:+,10698,59
10698:70:+,10698,70
10718:67:+,10718,67
10718:116:+,10718,116
10724:76:+,10724,76
10724:81:+,10724,81
10725:48:-,10725,48
10728:120:+,10728,120
10729:84:-,10729,84
10729:116:-,10729,116
10729:137:-,10729,137
10739:40:+,10739,40
10739:139:+,10739,139
10739:140:+,10739,140
10741:7:+,10741,7
10741:18:+,10741,18
10741:20:+,10741,20
10741:21:+,10741,21
10741:36:+,10741,36
10741:48:+,10741,48
10741:54:+,10741,54
10741:56:+,10741,56
10741:63:+,10741,63
10741:71:+,10741,71
10741:83:+,10741,83
10741:91:+,10741,91
10741:120:+,10741,120
10741:140:+,10741,140
10796:10:-,10796,10
10796:85:-,10796,85
10796:102:-,10796,102
10796:110:-,10796,110
10796:130:-,10796,130
10816:68:+,10816,68
10817:30:-,10817,30
10817:34:-,10817,34
10817:35:-,10817,35
10817:101:-,10817,101
10817:137:-,10817,137
10817:138:-,10817,138
10824:43:+,10824,43
10824:116:+,10824,116
10834:46:+,10834,46
10834:56:+,10834,56
10834:120:+,10834,120
10840:74:+,10840,74
10840:103:+,10840,103
10840:113:+,10840,113
10840:137:+,10840,137
10840:138:+,10840,138
10840:140:+,10840,140
10893:35:-,10893,35
10893:80:-,10893,80
10893:81:-,10893,81
10893:114:-,10893,114
10893:123:-,10893,123
10893:124:-,10893,124
10934:29:+,10934,29
10995:124:-,10995,124
10995:125:-,10995,125
11041:10:-,11041,10
11051:17:-,11051,17
11051:38:-,11051,38
11051:71:-,11051,71
11051:81:-,11051,81
11051:105:-,11051,105
11051:118:-,11051,118
11051:134:-,11051,134
11118:75:-,11118,75
11144:16:+,11144,16
11155:84:-,11155,84
11187:49:+,11187,49
11187:52:+,11187,52
11187:132:+,11187,132
11188:104:-,11188,104
11188:140:-,11188,140
11192:11:+,11192,11
11192:45:+,11192,45
11192:78:+,11192,78
11192:96:+,11192,96
11192:102:+,11192,102
11192:121:+,11192,121
11192:125:+,11192,125
11193:67:-,11193,67
11207:62:+,11207,62
11207:71:+,11207,71
11207:77:+,11207,77
11207:104:+,11207,104
11207:138:+,11207,138
11220:68:+,11220,68
11220:89:+,11220,89
11221:34:-,11221,34
11227:11:-,11227,11
11227:14:-,11227,14
11227:17:-,11227,17
11227:23:-,11227,23
11227:86:-,11227,86
11265:80:-,11265,80
11333:124:+,11333,124
11333:133:+,11333,133
11333:135:+,11333,135
11334:81:-,11334,81
11334:104:-,11334,104
11334:135:-,11334,135
11347:90:+,11347,90
11347:102:+,11347,102
11347:105:+,11347,105
11347:115:+,11347,115
11347:129:+,11347,129
11347:138:+,11347,138
11347:139:+,11347,139
11348:120:-,11348,120
11365:26:+,11365,26
11366:54:-,11366,54
11366:70:-,11366,70
11366:87:-,11366,87
11366:93:-,11366,93
11366:95:-,11366,95
11366:97:-,11366,97
11366:98:-,11366,98
11366:105:-,11366,105
11386:41:+,11386,41
11386:50:+,11386,50
11386:95:+,11386,95
11386:128:+,11386,128
11386:129:+,11386,129
11386:133:+,11386,133
11386:138:+,11386,138
11386:139:+,11386,139
11387:15:-,11387,15
11387:27:-,11387,27
11395:29:-,11395,29
11395:103:-,11395,103
11395:115:-,11395,115
11423:114:+,11423,114
11425:74:-,11425,74
11452:21:+,11452,21
11452:30:+,11452,30
11452:78:+,11452,78
11452:82:+,11452,82
11452:90:+,11452,90
11452:91:+,11452,91
11453:10:-,11453,10
11453:103:-,11453,103
11453:113:-,11453,113
11453:124:-,11453,124
11453:125:-,11453,125
11453:130:-,11453,130
11453:134:-,11453,134
11453:135:-,11453,135
11453:136:-,11453,136
11453:138:-,11453,138
11461:8:+,11461,8
11461:14:+,11461,14
11461:64:+,11461,64
11461:68:+,11461,68
11461:73:+,11461,73
11461:107:+,11461,107
11461:110:+,11461,110
11462:17:-,11462,17
11462:134:-,11462,134
11468:8:+,11468,8
11468:23:+,11468,23
11468:26:+,11468,26
11468:32:+,11468,32
11468:35:+,11468,35
11468:56:+,11468,56
11468:62:+,11468,62
11468:68:+,11468,68
11468:80:+,11468,80
11469:80:-,11469,80
11469:100:-,11469,100
11480:121:+,11480,121
11481:30:-,11481,30
11481:87:-,11481,87
11481:132:-,11481,132
11492:7:-,11492,7
11518:84:-,11518,84
11545:9:+,11545,9
11545:12:+,11545,12
11564:11:-,11564,11
11564:32:-,11564,32
11564:33:-,11564,33
11564:65:-,11564,65
11564:97:-,11564,97
11564:127:-,11564,127
11567:38:-,11567,38
11567:59:-,11567,59
11580:10:-,11580,10
11581:29:+,11581,29
11581:87:+,11581,87
11581:113:+,11581,113
11582:77:-,11582,77
11603:71:+,11603,71
11609:13:+,11609,13
11609:14:+,11609,14
11609:26:+,11609,26
11609:37:+,11609,37
11609:63:+,11609,63
11609:86:+,11609,86
11609:99:+,11609,99
11808:25:+,11808,25
11808:69:+,11808,69
11808:96:+,11808,96
11808:126:+,11808,126
11808:132:+,11808,132
11808:139:+,11808,139
11809:38:-,11809,38
11809:41:-,11809,41
11809:56:-,11809,56
11809:67:-,11809,67
11809:120:-,11809,120
11809:122:-,11809,122
11809:141:-,11809,141
11816:68:-,11816,68
11855:38:+,11855,38
11855:58:+,11855,58
11855:117:+,11855,117
11855:139:+,11855,139
11856:64:-,11856,64
11859:83:-,11859,83
11889:136:+,11889,136
11902:91:+,11902,91
11902:100:+,11902,100
11902:103:+,11902,103
12013:29:+,12013,29
12013:30:+,12013,30
12013:31:+,12013,31
12013:70:+,12013,70
12013:89:+,12013,89
12013:93:+,12013,93
12013:94:+,12013,94
12013:99:+,12013,99
12030:53:+,12030,53
12030:74:+,12030,74
12030:93:+,12030,93
12030:96:+,12030,96
12030:107:+,12030,107
12030:137:+,12030,137
12031:15:-,12031,15
12031:123:-,12031,123
12035:13:+,12035,13
12060:33:-,12060,33
12060:110:-,12060,110
12060:120:-,12060,120
12067:18:-,12067,18
12067:40:-,12067,40
12067:99:-,12067,99
12067:126:-,12067,126
12067:135:-,12067,135
12098:57:+,12098,57
12107:86:+,12107,86
12108:34:-,12108,34
12108:83:-,12108,83
12108:91:-,12108,91
12108:99:-,12108,99
12108:107:-,12108,107
12109:25:+,12109,25
12110:7:-,12110,7
12110:58:-,12110,58
12110:66:-,12110,66
12110:118:-,12110,118
12134:26:+,12134,26
12134:57:+,12134,57
12134:64:+,12134,64
12134:95:+,12134,95
12134:115:+,12134,115
12134:117:+,12134,117
12149:76:+,12149,76
12149:92:+,12149,92
12149:102:+,12149,102
12149:122:+,12149,122
12149:136:+,12149,136
12155:38:+,12155,38
12155:45:+,12155,45
12155:49:+,12155,49
12155:57:+,12155,57
12155:81:+,12155,81
12177:37:-,12177,37
12182:37:+,12182,37
12182:82:+,12182,82
12182:118:+,12182,118
12194:28:+,12194,28
12194:34:+,12194,34
12194:37:+,12194,37
12194:91:+,12194,91
12194:94:+,12194,94
12194:109:+,12194,109
12195:49:-,12195,49
12195:58:-,12195,58
12195:115:-,12195,115
12201:39:+,12201,39
12201:101:+,12201,101
12201:106:+,12201,106
12201:120:+,12201,120
12201:138:+,12201,138
12201:139:+,12201,139
12213:8:+,12213,8
12213:23:+,12213,23
12213:34:+,12213,34
12213:74:+,12213,74
12214:15:-,12214,15
12214:121:-,12214,121
12214:126:-,12214,126
12214:132:-,12214,132
12214:137:-,12214,137
12214:138:-,12214,138
12218:10:+,12218,10
12218:23:+,12218,23
12218:70:+,12218,70
12218:90:+,12218,90
12218:93:+,12218,93
12219:42:-,12219,42
12219:45:-,12219,45
12219:60:-,12219,60
12219:76:-,12219,76
12219:90:-,12219,90
12219:101:-,12219,101
12219:103:-,12219,103
12242:126:-,12242,126
12247:121:-,12247,121
12250:141:+,12250,141
12251:112:-,12251,112
12269:18:+,12269,18
12277:21:+,12277,21
12278:21:-,12278,21
12278:135:-,12278,135
12298:93:-,12298,93
12298:138:-,12298,138
12326:35:-,12326,35
12390:12:+,12390,12
12390:36:+,12390,36
12390:37:+,12390,37
12390:38:+,12390,38
12390:40:+,12390,40
12390:43:+,12390,43
12390:79:+,12390,79
12390:87:+,12390,87
12390:101:+,12390,101
12390:134:+,12390,134
12394:14:+,12394,14
12394:15:+,12394,15
12394:73:+,12394,73
12395:14:-,12395,14
12395:49:-,12395,49
12395:51:-,12395,51
12395:56:-,12395,56
12395:71:-,12395,71
12395:81:-,12395,81
12395:85:-,12395,85
12395:94:-,12395,94
12395:98:-,12395,98
12395:112:-,12395,112
12402:104:-,12402,104
12412:16:-,12412,16
12412:105:-,12412,105
12423:27:+,12423,27
12423:33:+,12423,33
12423:36:+,12423,36
12423:93:+,12423,93
12451:26:+,12451,26
12451:28:+,12451,28
12451:41:+,12451,41
12451:55:+,12451,55
12451:99:+,12451,99
12452:8:-,12452,8
12452:93:-,12452,93
12452:129:-,12452,129
12457:21:-,12457,21
12458:14:+,12458,14
12459:15:-,12459,15
12459:27:-,12459,27
12476:90:+,12476,90
12526:51:+,12526,51
12526:86:+,12526,86
12526:137:+,12526,137
12527:86:-,12527,86
12527:87:-,12527,87
12527:101:-,12527,101
12527:112:-,12527,112
12527:114:-,12527,114
12527:121:-,12527,121
12527:122:-,12527,122
12527:126:-,12527,126
12527:130:-,12527,130
12543:37:+,12543,37
12543:68:+,12543,68
12543:74:+,12543,74
12544:47:-,12544,47
12544:63:-,12544,63
12544:72:-,12544,72
12544:76:-,12544,76
12544:95:-,12544,95
12544:105:-,12544,105
12544:119:-,12544,119
12544:127:-,12544,127
12554:7:-,12554,7
12554:32:-,12554,32
12554:66:-,12554,66
12554:69:-,12554,69
12554:82:-,12554,82
12554:84:-,12554,84
12554:86:-,12554,86
12554:104:-,12554,104
12554:112:-,12554,112
12554:121:-,12554,121
12554:129:-,12554,129
12559:63:+,12559,63
12559:79:+,12559,79
12559:85:+,12559,85
12559:108:+,12559,108
12560:54:-,12560,54
12560:97:-,12560,97
12582:134:-,12582,134
12635:63:-,12635,63
12635:114:-,12635,114
12635:140:-,12635,140
12644:63:+,12644,63
12647:13:-,12647,13
12647:124:-,12647,124
12668:26:+,12668,26
12668:61:+,12668,61
12668:65:+,12668,65
12668:111:+,12668,111
12668:117:+,12668,117
12668:118:+,12668,118
12668:128:+,12668,128
12669:37:-,12669,37
12669:91:-,12669,91
12669:93:-,12669,93
12669:94:-,12669,94
12692:72:+,12692,72
12692:73:+,12692,73
12692:131:+,12692,131
12693:47:-,12693,47
12693:56:-,12693,56
12693:57:-,12693,57
12693:95:-,12693,95
12693:102:-,12693,102
12693:109:-,12693,109
12693:132:-,12693,132
12700:10:+,12700,10
12700:17:+,12700,17
12700:19:+,12700,19
12700:34:+,12700,34
12700:46:+,12700,46
12700:48:+,12700,48
12700:111:+,12700,111
12700:131:+,12700,131
12700:140:+,12700,140
12732:47:+,12732,47
12732:50:+,12732,50
12732:86:+,12732,86
12732:112:+,12732,112
12732:115:+,12732,115
12732:136:+,12732,136
12732:138:+,12732,138
12738:88:+,12738,88
12739:78:-,12739,78
12746:126:+,12746,126
12751:117:+,12751,117
12751:131:+,12751,131
12751:134:+,12751,134
12807:132:+,12807,132
12815:140:+,12815,140
12816:55:-,12816,55
12828:78:+,12828,78
12829:95:-,12829,95
12829:99:-,12829,99
12829:100:-,12829,100
12829:101:-,12829,101
12829:103:-,12829,103
12829:113:-,12829,113
12829:118:-,12829,118
12839:78:+,12839,78
12916:43:+,12916,43
12916:107:+,12916,107
12917:54:-,12917,54
12917:123:-,12917,123
12917:125:-,12917,125
12917:127:-,12917,127
12917:130:-,12917,130
12917:131:-,12917,131
12917:138:-,12917,138
12918:33:+,12918,33
12918:46:+,12918,46
12918:63:+,12918,63
12918:65:+,12918,65
12918:66:+,12918,66
12926:16:+,12926,16
12926:54:+,12926,54
12926:66:+,12926,66
12926:70:+,12926,70
12927:31:-,12927,31
12927:36:-,12927,36
12927:68:-,12927,68
12927:113:-,12927,113
12927:138:-,12927,138
12964:17:+,12964,17
12964:20:+,12964,20
12964:22:+,12964,22
12964:48:+,12964,48
12983:28:+,12983,28
12983:130:+,12983,130
12986:74:+,12986,74
13039:11:-,13039,11
13039:56:-,13039,56
13039:59:-,13039,59
13039:92:-,13039,92
13039:112:-,13039,112
13039:113:-,13039,113
13039:116:-,13039,116
13066:68:-,13066,68
13066:89:-,13066,89
13066:100:-,13066,100
13066:107:-,13066,107
13066:134:-,13066,134
13072:45:-,13072,45
13072:125:-,13072,125
13076:76:+,13076,76
13076:101:+,13076,101
13098:71:+,13098,71
13099:64:-,13099,64
13126:21:+,13126,21
13126:131:+,13126,131
13127:8:-,13127,8
13127:15:-,13127,15
13127:22:-,13127,22
13127:81:-,13127,81
13127:89:-,13127,89
13132:43:+,13132,43
13132:101:+,13132,101
13132:125:+,13132,125
13144:52:+,13144,52
13144:75:+,13144,75
13199:62:+,13199,62
13199:89:+,13199,89
13199:113:+,13199,113
13200:105:-,13200,105
13200:134:-,13200,134
13209:21:+,13209,21
13209:104:+,13209,104
13210:9:-,13210,9
13210:27:-,13210,27
13210:105:-,13210,105
13210:137:-,13210,137
13210:138:-,13210,138
13223:66:+,13223,66
13223:70:+,13223,70
13231:51:+,13231,51
13231:125:+,13231,125
13231:128:+,13231,128
13231:130:+,13231,130
13247:95:-,13247,95
13260:21:+,13260,21
13260:33:+,13260,33
13260:39:+,13260,39
13260:43:+,13260,43
13260:55:+,13260,55
13260:64:+,13260,64
13260:91:+,13260,91
13260:113:+,13260,113
13260:135:+,13260,135
13261:9:-,13261,9
13271:44:+,13271,44
13271:109:+,13271,109
13271:115:+,13271,115
13271:116:+,13271,116
13271:118:+,13271,118
13272:72:-,13272,72
13272:109:-,13272,109
13273:100:+,13273,100
13273:136:+,13273,136
13274:15:-,13274,15
13274:102:-,13274,102
13283:110:+,13283,110
13301:135:+,13301,135
13302:106:-,13302,106
13302:111:-,13302,111
13302:113:-,13302,113
13302:122:-,13302,122
13302:127:-,13302,127
13302:136:-,13302,136
13302:138:-,13302,138
13302:139:-,13302,139
13315:26:+,13315,26
13315:59:+,13315,59
13315:110:+,13315,110
13315:140:+,13315,140
13325:67:+,13325,67
13325:96:+,13325,96
13325:141:+,13325,141
13350:129:+,13350,129
13355:48:+,13355,48
13355:117:+,13355,117
13355:122:+,13355,122
13355:124:+,13355,124
13355:125:+,13355,125
13384:97:+,13384,97
13384:128:+,13384,128
13385:11:-,13385,11
13385:118:-,13385,118
13396:27:-,13396,27
13423:7:+,13423,7
13423:43:+,13423,43
13423:115:+,13423,115
13449:19:-,13449,19
13449:51:-,13449,51
13449:81:-,13449,81
13449:138:-,13449,138
13469:27:-,13469,27
13469:33:-,13469,33
13502:15:+,13502,15
13502:72:+,13502,72
13503:14:-,13503,14
13503:26:-,13503,26
13503:64:-,13503,64
13503:89:-,13503,89
13503:141:-,13503,141
13522:40:-,13522,40
13522:115:-,13522,115
13530:11:-,13530,11
13530:49:-,13530,49
13537:108:-,13537,108
13603:32:-,13603,32
13603:50:-,13603,50
13603:104:-,13603,104
13608:61:+,13608,61
13608:139:+,13608,139
13616:64:-,13616,64
13616:65:-,13616,65
13616:88:-,13616,88
13616:94:-,13616,94
13623:63:-,13623,63
13623:70:-,13623,70
13623:85:-,13623,85
13623:110:-,13623,110
13627:23:+,13627,23
13627:91:+,13627,91
13637:62:+,13637,62
13644:9:-,13644,9
13644:12:-,13644,12
13645:8:+,13645,8
13664:13:+,13664,13
13738:53:+,13738,53
13738:72:+,13738,72
13738:73:+,13738,73
13738:74:+,13738,74
13738:84:+,13738,84
13738:140:+,13738,140
13857:124:-,13857,124
13866:53:+,13866,53
13877:32:-,13877,32
13877:35:-,13877,35
13877:62:-,13877,62
13877:74:-,13877,74
13877:116:-,13877,116
13877:137:-,13877,137
13921:54:+,13921,54
13921:79:+,13921,79
13921:89:+,13921,89
13921:116:+,13921,116
13921:137:+,13921,137
13921:138:+,13921,138
13928:18:+,13928,18
13928:64:+,13928,64
13928:101:+,13928,101
13928:102:+,13928,102
13928:111:+,13928,111
13928:113:+,13928,113
13928:116:+,13928,116
13929:7:-,13929,7
13929:24:-,13929,24
13929:25:-,13929,25
13929:86:-,13929,86
13929:112:-,13929,112
13929:123:-,13929,123
13929:127:-,13929,127
13929:130:-,13929,130
13988:60:+,13988,60
13988:66:+,13988,66
13988:107:+,13988,107
13988:110:+,13988,110
13988:117:+,13988,117
13988:125:+,13988,125
13991:16:+,13991,16
13991:22:+,13991,22
13991:55:+,13991,55
13995:68:-,13995,68
14044:128:-,14044,128
14059:11:-,14059,11
14059:87:-,14059,87
14065:46:-,14065,46
14065:76:-,14065,76
14065:90:-,14065,90
14113:75:+,14113,75
14113:87:+,14113,87
14113:136:+,14113,136
14113:137:+,14113,137
14113:139:+,14113,139
14113:140:+,14113,140
14115:24:-,14115,24
14115:84:-,14115,84
14127:102:+,14127,102
14128:64:-,14128,64
14128:69:-,14128,69
14128:102:-,14128,102
14128:106:-,14128,106
14128:110:-,14128,110
14128:120:-,14128,120
14128:121:-,14128,121
14128:124:-,14128,124
14182:19:+,14182,19
14182:101:+,14182,101
14188:38:-,14188,38
14188:39:-,14188,39
14188:41:-,14188,41
14188:100:-,14188,100
14188:108:-,14188,108
14190:136:+,14190,136
14190:139:+,14190,139
14201:15:+,14201,15
14201:22:+,14201,22
14201:121:+,14201,121
14214:28:+,14214,28
14214:58:+,14214,58
14214:61:+,14214,61
14214:69:+,14214,69
14215:13:-,14215,13
14215:48:-,14215,48
14215:121:-,14215,121
14222:30:-,14222,30
14222:91:-,14222,91
14305:35:+,14305,35
14305:43:+,14305,43
14305:90:+,14305,90
14305:118:+,14305,118
14306:45:-,14306,45
14306:87:-,14306,87
14306:99:-,14306,99
14321:24:+,14321,24
14321:32:+,14321,32
14321:39:+,14321,39
14321:47:+,14321,47
14321:71:+,14321,71
14321:101:+,14321,101
14322:36:-,14322,36
14337:81:+,14337,81
14361:14:+,14361,14
14361:20:+,14361,20
14361:59:+,14361,59
14361:86:+,14361,86
14361:131:+,14361,131
14362:33:-,14362,33
14362:122:-,14362,122
14362:126:-,14362,126
14428:87:+,14428,87
14429:99:-,14429,99
14429:113:-,14429,113
14446:83:+,14446,83
14446:85:+,14446,85
14446:97:+,14446,97
14447:16:-,14447,16
14447:28:-,14447,28
14447:41:-,14447,41
14447:106:-,14447,106
14447:108:-,14447,108
14447:120:-,14447,120
14447:123:-,14447,123
14447:126:-,14447,126
14447:140:-,14447,140
14467:33:+,14467,33
14467:90:+,14467,90
14472:123:-,14472,123
14472:138:-,14472,138
14474:12:+,14474,12
14474:57:+,14474,57
14474:82:+,14474,82
14474:103:+,14474,103
14474:133:+,14474,133
14475:14:-,14475,14
14475:135:-,14475,135
14486:41:+,14486,41
14498:17:+,14498,17
14498:126:+,14498,126
14498:128:+,14498,128
14499:71:-,14499,71
14532:17:-,14532,17
14532:117:-,14532,117
14532:134:-,14532,134
14532:139:-,14532,139
14559:133:-,14559,133
14559:135:-,14559,135
14601:83:+,14601,83
14601:121:+,14601,121
14601:132:+,14601,132
14601:133:+,14601,133
14602:69:-,14602,69
14602:95:-,14602,95
14623:54:+,14623,54
14636:53:-,14636,53
14636:56:-,14636,56
14643:114:+,14643,114
14643:135:+,14643,135
14644:23:-,14644,23
14644:90:-,14644,90
14644:98:-,14644,98
14644:100:-,14644,100
14644:103:-,14644,103
14644:109:-,14644,109
14644:125:-,14644,125
14644:130:-,14644,130
14695:93:+,14695,93
14695:132:+,14695,132
14696:91:-,14696,91
14696:112:-,14696,112
14696:119:-,14696,119
14696:135:-,14696,135
14696:138:-,14696,138
14699:52:+,14699,52
14699:54:+,14699,54
14699:132:+,14699,132
14699:133:+,14699,133
14707:118:-,14707,118
14766:33:+,14766,33
14766:39:+,14766,39
14766:40:+,14766,40
14766:44:+,14766,44
14766:64:+,14766,64
14766:85:+,14766,85
14766:89:+,14766,89
14766:90:+,14766,90
14766:93:+,14766,93
14766:109:+,14766,109
14766:112:+,14766,112
14766:139:+,14766,139
14767:13:-,14767,13
14767:55:-,14767,55
14767:60:-,14767,60
14767:107:-,14767,107
14791:44:-,14791,44
14791:72:-,14791,72
14791:74:-,14791,74
14791:101:-,14791,101
14791:107:-,14791,107
14791:140:-,14791,140
14793:24:-,14793,24
14805:45:+,14805,45
14808:50:+,14808,50
14837:117:+,14837,117
14837:124:+,14837,124
14837:129:+,14837,129
14891:124:-,14891,124
14913:20:+,14913,20
14914:47:-,14914,47
14914:83:-,14914,83
14934:9:-,14934,9
14934:54:-,14934,54
14934:63:-,14934,63
14934:77:-,14934,77
14934:78:-,14934,78
14934:84:-,14934,84
14934:87:-,14934,87
14934:117:-,14934,117
14934:119:-,14934,119
14934:138:-,14934,138
14945:53:+,14945,53
14945:68:+,14945,68
14945:71:+,14945,71
14945:74:+,14945,74
14945:104:+,14945,104
14945:130:+,14945,130
14945:138:+,14945,138
14945:139:+,14945,139
14945:140:+,14945,140
14946:42:-,14946,42
14946:60:-,14946,60
14946:62:-,14946,62
14946:121:-,14946,121
14952:45:-,14952,45
15004:16:+,15004,16
15004:69:+,15004,69
15004:112:+,15004,112
15004:129:+,15004,129
15004:133:+,15004,133
15005:33:-,15005,33
15005:77:-,15005,77
15005:78:-,15005,78
15017:81:+,15017,81
15017:114:+,15017,114
15033:25:+,15033,25
15034:11:-,15034,11
15034:103:-,15034,103
15096:75:+,15096,75
15100:93:-,15100,93
15100:95:-,15100,95
15100:103:-,15100,103
15100:133:-,15100,133
15100:138:-,15100,138
15121:132:+,15121,132
15125:61:+,15125,61
15166:8:+,15166,8
15166:31:+,15166,31
15166:107:+,15166,107
15166:108:+,15166,108
15166:111:+,15166,111
15189:141:+,15189,141
15190:26:-,15190,26
15190:46:-,15190,46
15190:99:-,15190,99
15190:101:-,15190,101
15190:106:-,15190,106
15190:108:-,15190,108
15190:121:-,15190,121
15190:122:-,15190,122
15190:127:-,15190,127
15190:129:-,15190,129
15191:21:+,15191,21
15191:97:+,15191,97
15191:110:+,15191,110
15191:118:+,15191,118
15204:119:+,15204,119
15204:137:+,15204,137
15204:139:+,15204,139
15209:78:+,15209,78
15209:99:+,15209,99
15209:100:+,15209,100
15209:101:+,15209,101
15210:73:-,15210,73
15210:74:-,15210,74
15210:78:-,15210,78
15210:86:-,15210,86
15210:112:-,15210,112
15228:19:+,15228,19
15228:96:+,15228,96
15229:131:-,15229,131
15229:135:-,15229,135
15253:87:-,15253,87
15253:90:-,15253,90
15263:47:-,15263,47
15263:49:-,15263,49
15263:60:-,15263,60
15263:86:-,15263,86
15263:112:-,15263,112
15263:125:-,15263,125
15263:127:-,15263,127
15263:128:-,15263,128
15263:129:-,15263,129
15263:140:-,15263,140
15276:119:+,15276,119
15276:136:+,15276,136
15277:18:-,15277,18
15286:84:-,15286,84
15298:99:-,15298,99
15298:116:-,15298,116
15305:26:+,15305,26
15305:27:+,15305,27
15305:32:+,15305,32
15312:88:+,15312,88
15312:118:+,15312,118
15312:121:+,15312,121
15312:124:+,15312,124
15312:136:+,15312,136
15313:29:-,15313,29
15313:35:-,15313,35
15313:51:-,15313,51
15313:72:-,15313,72
15313:131:-,15313,131
15313:132:-,15313,132
15313:135:-,15313,135
15329:31:+,15329,31
15329:136:+,15329,136
15330:46:-,15330,46
15333:12:+,15333,12
15333:84:+,15333,84
15333:89:+,15333,89
15333:99:+,15333,99
15334:14:-,15334,14
15334:111:-,15334,111
15334:113:-,15334,113
15334:114:-,15334,114
15334:119:-,15334,119
15334:131:-,15334,131
15355:121:-,15355,121
15385:23:-,15385,23
15385:46:-,15385,46
15385:64:-,15385,64
15385:75:-,15385,75
15385:88:-,15385,88
15385:105:-,15385,105
15385:130:-,15385,130
15484:16:+,15484,16
15484:71:+,15484,71
15484:125:+,15484,125
15485:13:-,15485,13
15485:43:-,15485,43
15485:92:-,15485,92
15485:130:-,15485,130
15485:131:-,15485,131
15605:33:+,15605,33
15605:40:+,15605,40
15605:51:+,15605,51
15605:92:+,15605,92
15605:106:+,15605,106
15605:123:+,15605,123
15605:126:+,15605,126
15605:129:+,15605,129
15622:120:-,15622,120
15696:61:+,15696,61
15696:76:+,15696,76
15696:105:+,15696,105
15697:90:-,15697,90
15756:30:+,15756,30
15756:57:+,15756,57
15756:112:+,15756,112
15757:131:-,15757,131
15761:32:-,15761,32
15761:70:-,15761,70
15761:73:-,15761,73
15792:22:+,15792,22
15792:109:+,15792,109
15793:51:-,15793,51
15793:104:-,15793,104
15812:40:-,15812,40
15812:43:-,15812,43
15820:132:+,15820,132
15821:96:-,15821,96
15821:138:-,15821,138
15827:72:-,15827,72
15846:121:-,15846,121
15852:13:+,15852,13
15852:53:+,15852,53
15857:21:-,15857,21
15857:92:-,15857,92
15857:100:-,15857,100
15857:112:-,15857,112
15857:127:-,15857,127
15857:132:-,15857,132
15857:134:-,15857,134
15857:135:-,15857,135
15857:136:-,15857,136
15857:137:-,15857,137
15857:138:-,15857,138
15871:68:+,15871,68
15871:130:+,15871,130
15871:139:+,15871,139
15875:19:+,15875,19
15876:14:-,15876,14
15876:80:-,15876,80
15917:40:+,15917,40
15917:42:+,15917,42
15917:58:+,15917,58
15917:91:+,15917,91
15918:64:-,15918,64
15918:120:-,15918,120
15920:136:+,15920,136
15921:45:-,15921,45
15921:102:-,15921,102
15929:137:+,15929,137
15929:139:+,15929,139
15930:46:-,15930,46
15930:75:-,15930,75
15930:118:-,15930,118
15937:30:-,15937,30
15937:55:-,15937,55
15937:124:-,15937,124
15937:133:-,15937,133
16006:43:+,16006,43
16006:96:+,16006,96
16015:52:+,16015,52
16015:137:+,16015,137
16015:140:+,16015,140
16016:13:-,16016,13
16016:26:-,16016,26
16016:62:-,16016,62
16016:93:-,16016,93
16016:97:-,16016,97
16016:126:-,16016,126
16016:132:-,16016,132
16016:135:-,16016,135
16032:41:+,16032,41
16033:96:-,16033,96
16036:48:-,16036,48
16036:73:-,16036,73
16036:139:-,16036,139
16048:19:-,16048,19
16048:39:-,16048,39
16048:53:-,16048,53
16048:69:-,16048,69
16048:74:-,16048,74
16048:82:-,16048,82
16048:87:-,16048,87
16048:128:-,16048,128
16068:131:+,16068,131
16124:49:+,16124,49
16124:63:+,16124,63
16124:65:+,16124,65
16124:75:+,16124,75
16124:76:+,16124,76
16136:13:-,16136,13
16136:97:-,16136,97
16158:32:-,16158,32
16158:34:-,16158,34
16158:54:-,16158,54
16158:114:-,16158,114
16205:136:-,16205,136
16205:138:-,16205,138
16205:139:-,16205,139
16215:67:+,16215,67
16221:132:-,16221,132
16221:133:-,16221,133
16221:137:-,16221,137
16225:75:+,16225,75
16225:90:+,16225,90
16225:127:+,16225,127
16226:97:-,16226,97
16226:117:-,16226,117
16232:14:-,16232,14
16232:92:-,16232,92
16232:95:-,16232,95
16232:100:-,16232,100
16232:116:-,16232,116
16240:25:-,16240,25
16240:28:-,16240,28
16240:37:-,16240,37
16240:68:-,16240,68
16240:94:-,16240,94
16240:115:-,16240,115
16242:77:-,16242,77
16242:89:-,16242,89
16242:116:-,16242,116
16242:122:-,16242,122
16244:42:+,16244,42
16244:92:+,16244,92
16244:104:+,16244,104
16244:113:+,16244,113
16244:118:+,16244,118
16244:123:+,16244,123
16252:89:+,16252,89
16253:32:-,16253,32
16253:63:-,16253,63
16268:91:-,16268,91
16268:103:-,16268,103
16268:136:-,16268,136
16297:89:+,16297,89
16298:124:-,16298,124
16302:30:-,16302,30
16302:31:-,16302,31
16308:60:+,16308,60
16308:69:+,16308,69
16308:108:+,16308,108
16309:14:-,16309,14
16309:53:-,16309,53
16309:73:-,16309,73
16309:113:-,16309,113
16309:137:-,16309,137
16312:87:+,16312,87
16313:64:-,16313,64
16313:82:-,16313,82
16313:92:-,16313,92
16344:19:-,16344,19
16344:35:-,16344,35
16344:95:-,16344,95
16344:123:-,16344,123
16407:17:+,16407,17
16407:22:+,16407,22
16407:41:+,16407,41
16407:52:+,16407,52
16407:57:+,16407,57
16407:62:+,16407,62
16407:65:+,16407,65
16407:83:+,16407,83
16407:110:+,16407,110
16407:132:+,16407,132
16408:37:-,16408,37
16408:38:-,16408,38
16408:49:-,16408,49
16408:70:-,16408,70
16408:73:-,16408,73
16408:82:-,16408,82
16464:141:+,16464,141
16474:136:+,16474,136
16475:59:-,16475,59
16475:62:-,16475,62
16475:100:-,16475,100
16475:132:-,16475,132
16491:18:-,16491,18
16491:120:-,16491,120
16491:121:-,16491,121
16491:135:-,16491,135
16498:41:+,16498,41
16521:71:+,16521,71
16521:139:+,16521,139
16563:109:-,16563,109
16623:17:+,16623,17
16623:56:+,16623,56
16623:125:+,16623,125
16623:131:+,16623,131
16624:93:-,16624,93
16633:32:+,16633,32
16633:102:+,16633,102
16634:63:-,16634,63
16634:135:-,16634,135
16652:17:+,16652,17
16652:21:+,16652,21
16652:33:+,16652,33
16652:125:+,16652,125
16652:128:+,16652,128
16653:31:-,16653,31
16653:34:-,16653,34
16653:40:-,16653,40
16653:43:-,16653,43
16653:77:-,16653,77
16653:91:-,16653,91
16653:99:-,16653,99
16653:130:-,16653,130
16661:51:+,16661,51
16662:43:-,16662,43
16802:42:-,16802,42
16802:90:-,16802,90
16866:127:+,16866,127
16875:74:-,16875,74
16911:39:+,16911,39
16911:129:+,16911,129
16912:76:-,16912,76
16912:83:-,16912,83
16912:106:-,16912,106
16912:113:-,16912,113
16912:138:-,16912,138
16925:11:+,16925,11
16925:107:+,16925,107
16925:108:+,16925,108
16925:110:+,16925,110
16925:116:+,16925,116
16925:125:+,16925,125
16925:129:+,16925,129
16926:48:-,16926,48
16936:26:-,16936,26
16936:32:-,16936,32
16940:65:-,16940,65
16940:127:-,16940,127
16944:68:+,16944,68
16945:48:-,16945,48
16945:109:-,16945,109
16960:40:-,16960,40
16960:63:-,16960,63
16960:68:-,16960,68
16960:88:-,16960,88
16960:118:-,16960,118
16985:20:+,16985,20
16985:22:+,16985,22
16985:23:+,16985,23
16985:138:+,16985,138
17007:69:-,17007,69
17025:86:+,17025,86
17026:9:-,17026,9
17026:17:-,17026,17
17026:50:-,17026,50
17026:60:-,17026,60
17026:69:-,17026,69
17026:74:-,17026,74
17026:106:-,17026,106
17026:111:-,17026,111
17026:133:-,17026,133
17038:21:+,17038,21
17038:58:+,17038,58
17093:95:-,17093,95
17093:130:-,17093,130
17099:64:+,17099,64
17099:70:+,17099,70
17099:105:+,17099,105
17139:100:+,17139,100
17139:112:+,17139,112
17139:116:+,17139,116
17139:119:+,17139,119
17139:121:+,17139,121
17139:125:+,17139,125
17139:129:+,17139,129
17140:51:-,17140,51
17140:52:-,17140,52
17140:67:-,17140,67
17140:109:-,17140,109
17140:139:-,17140,139
17171:64:+,17171,64
17171:67:+,17171,67
17172:39:-,17172,39
17172:47:-,17172,47
17172:117:-,17172,117
17176:83:+,17176,83
17176:88:+,17176,88
17176:125:+,17176,125
17198:79:+,17198,79
17199:84:-,17199,84
17216:107:-,17216,107
17265:138:-,17265,138
17285:17:+,17285,17
17285:98:+,17285,98
17285:113:+,17285,113
17285:129:+,17285,129
17285:138:+,17285,138
17285:140:+,17285,140
17303:34:+,17303,34
17303:107:+,17303,107
17303:134:+,17303,134
17304:38:-,17304,38
17305:65:+,17305,65
17305:68:+,17305,68
17306:71:-,17306,71
17306:96:-,17306,96
17306:109:-,17306,109
17330:122:-,17330,122
17358:87:+,17358,87
17358:102:+,17358,102
17359:73:-,17359,73
17359:79:-,17359,79
17359:89:-,17359,89
17359:94:-,17359,94
17359:128:-,17359,128
17359:133:-,17359,133
17385:21:+,17385,21
17385:28:+,17385,28
17385:65:+,17385,65
17385:71:+,17385,71
17385:82:+,17385,82
17385:83:+,17385,83
17385:94:+,17385,94
17385:98:+,17385,98
17385:102:+,17385,102
17385:131:+,17385,131
17387:65:+,17387,65
17387:81:+,17387,81
17387:98:+,17387,98
17387:99:+,17387,99
17387:132:+,17387,132
17388:8:-,17388,8
17388:15:-,17388,15
17388:34:-,17388,34
17388:55:-,17388,55
17388:72:-,17388,72
17388:73:-,17388,73
17388:75:-,17388,75
17388:115:-,17388,115
17388:124:-,17388,124
17392:125:+,17392,125
17392:129:+,17392,129
17392:140:+,17392,140
17393:72:-,17393,72
17393:77:-,17393,77
17393:97:-,17393,97
17393:126:-,17393,126
17412:38:-,17412,38
17412:44:-,17412,44
17412:46:-,17412,46
17412:48:-,17412,48
17412:105:-,17412,105
17429:77:+,17429,77
17429:80:+,17429,80
17460:33:-,17460,33
17460:108:-,17460,108
17460:109:-,17460,109
17463:39:+,17463,39
17463:51:+,17463,51
17463:119:+,17463,119
17472:85:-,17472,85
17476:24:-,17476,24
17476:45:-,17476,45
17476:78:-,17476,78
17476:90:-,17476,90
17476:93:-,17476,93
17476:96:-,17476,96
17476:102:-,17476,102
17476:108:-,17476,108
17476:120:-,17476,120
17476:125:-,17476,125
17476:128:-,17476,128
17476:129:-,17476,129
17476:135:-,17476,135
17476:139:-,17476,139
17494:17:+,17494,17
17494:22:+,17494,22
17494:65:+,17494,65
17494:74:+,17494,74
17494:83:+,17494,83
17494:95:+,17494,95
17494:107:+,17494,107
17494:117:+,17494,117
17494:122:+,17494,122
17508:16:+,17508,16
17597:12:-,17597,12
17597:42:-,17597,42
17597:47:-,17597,47
17597:48:-,17597,48
17597:51:-,17597,51
17597:82:-,17597,82
17606:115:-,17606,115
17606:129:-,17606,129
17658:132:+,17658,132
17659:21:-,17659,21
17659:29:-,17659,29
17659:47:-,17659,47
17659:71:-,17659,71
17659:72:-,17659,72
17662:50:-,17662,50
17662:107:-,17662,107
17662:110:-,17662,110
17662:128:-,17662,128
17662:140:-,17662,140
17717:30:-,17717,30
17717:48:-,17717,48
17717:69:-,17717,69
17717:74:-,17717,74
17717:81:-,17717,81
17778:26:+,17778,26
17778:56:+,17778,56
17778:71:+,17778,71
17778:80:+,17778,80
17778:81:+,17778,81
17778:98:+,17778,98
17778:119:+,17778,119
17779:45:-,17779,45
17779:77:-,17779,77
17779:98:-,17779,98
17800:107:+,17800,107
17819:30:+,17819,30
17819:38:+,17819,38
17820:9:-,17820,9
17832:64:+,17832,64
17832:79:+,17832,79
17832:82:+,17832,82
17832:103:+,17832,103
17833:67:-,17833,67
17833:70:-,17833,70
17833:73:-,17833,73
17833:121:-,17833,121
17833:124:-,17833,124
17839:80:-,17839,80
17839:87:-,17839,87
17839:93:-,17839,93
17839:101:-,17839,101
17858:13:-,17858,13
17858:100:-,17858,100
17923:97:+,17923,97
17923:118:+,17923,118
17924:63:-,17924,63
17924:91:-,17924,91
17924:95:-,17924,95
17924:96:-,17924,96
17926:26:+,17926,26
17926:42:+,17926,42
17926:51:+,17926,51
17926:59:+,17926,59
17926:74:+,17926,74
17926:99:+,17926,99
17951:40:+,17951,40
17951:132:+,17951,132
17952:135:-,17952,135
17952:136:-,17952,136
17952:139:-,17952,139
17960:141:+,17960,141
17961:90:-,17961,90
17981:113:+,17981,113
17984:133:+,17984,133
17985:86:-,17985,86
17985:119:-,17985,119
17985:129:-,17985,129
17985:136:-,17985,136
17985:137:-,17985,137
17985:138:-,17985,138
17985:139:-,17985,139
17991:62:-,17991,62
18010:74:-,18010,74
18010:111:-,18010,111
18010:116:-,18010,116
18010:129:-,18010,129
18010:133:-,18010,133
18010:134:-,18010,134
18010:137:-,18010,137
18038:29:+,18038,29
18038:131:+,18038,131
18058:54:+,18058,54
18058:120:+,18058,120
18059:75:-,18059,75
18059:111:-,18059,111
18059:125:-,18059,125
18066:89:-,18066,89
18103:97:-,18103,97
18103:130:-,18103,130
18103:132:-,18103,132
18103:137:-,18103,137
18147:34:+,18147,34
18147:85:+,18147,85
18147:125:+,18147,125
18148:24:-,18148,24
18148:100:-,18148,100
18227:134:+,18227,134
18227:135:+,18227,135
18234:12:+,18234,12
18234:44:+,18234,44
18234:111:+,18234,111
18243:113:+,18243,113
18254:137:+,18254,137
18255:72:-,18255,72
18269:30:-,18269,30
18269:92:-,18269,92
18289:87:+,18289,87
18321:75:+,18321,75
18321:80:+,18321,80
18321:90:+,18321,90
18321:105:+,18321,105
18321:120:+,18321,120
18321:129:+,18321,129
18322:53:-,18322,53
18322:66:-,18322,66
18322:140:-,18322,140
18351:92:+,18351,92
18352:42:-,18352,42
18375:40:+,18375,40
18375:43:+,18375,43
18375:100:+,18375,100
18375:136:+,18375,136
18375:137:+,18375,137
18375:138:+,18375,138
18375:139:+,18375,139
18376:31:-,18376,31
18376:41:-,18376,41
18376:50:-,18376,50
18376:71:-,18376,71
18376:84:-,18376,84
18376:140:-,18376,140
18423:21:+,18423,21
18423:82:+,18423,82
18423:89:+,18423,89
18423:132:+,18423,132
18428:23:+,18428,23
18428:83:+,18428,83
18428:107:+,18428,107
18428:113:+,18428,113
18428:125:+,18428,125
18428:131:+,18428,131
18436:112:+,18436,112
18439:8:+,18439,8
18439:21:+,18439,21
18439:46:+,18439,46
18439:119:+,18439,119
18440:7:-,18440,7
18440:26:-,18440,26
18440:33:-,18440,33
18440:38:-,18440,38
18440:114:-,18440,114
18440:129:-,18440,129
18508:140:-,18508,140
18511:94:+,18511,94
18511:96:+,18511,96
18511:98:+,18511,98
18511:100:+,18511,100
18511:101:+,18511,101
18515:132:-,18515,132
18540:72:+,18540,72
18540:120:+,18540,120
18540:129:+,18540,129
18544:117:-,18544,117
18544:131:-,18544,131
18544:138:-,18544,138
18544:139:-,18544,139
18544:140:-,18544,140
18556:65:+,18556,65
18556:104:+,18556,104
18556:107:+,18556,107
18557:103:-,18557,103
18557:134:-,18557,134
18616:10:-,18616,10
18616:98:-,18616,98
18616:103:-,18616,103
18623:36:+,18623,36
18623:58:+,18623,58
18623:60:+,18623,60
18623:63:+,18623,63
18623:73:+,18623,73
18623:92:+,18623,92
18623:132:+,18623,132
18623:135:+,18623,135
18627:22:+,18627,22
18627:92:+,18627,92
18627:105:+,18627,105
18627:110:+,18627,110
18628:103:-,18628,103
18628:126:-,18628,126
18628:136:-,18628,136
18628:138:-,18628,138
18629:22:+,18629,22
18629:40:+,18629,40
18629:101:+,18629,101
18629:117:+,18629,117
18629:121:+,18629,121
18629:132:+,18629,132
18633:9:+,18633,9
18633:13:+,18633,13
18633:19:+,18633,19
18633:125:+,18633,125
18633:135:+,18633,135
18634:37:-,18634,37
18634:38:-,18634,38
18634:87:-,18634,87
18634:106:-,18634,106
18634:118:-,18634,118
18634:132:-,18634,132
18682:17:+,18682,17
18682:41:+,18682,41
18682:86:+,18682,86
18682:128:+,18682,128
18682:131:+,18682,131
18683:72:-,18683,72
18683:84:-,18683,84
18683:85:-,18683,85
18683:107:-,18683,107
18683:128:-,18683,128
18699:140:-,18699,140
18707:7:+,18707,7
18707:88:+,18707,88
18708:88:-,18708,88
18709:35:+,18709,35
18709:70:+,18709,70
18709:81:+,18709,81
18709:84:+,18709,84
18709:114:+,18709,114
18709:133:+,18709,133
18710:134:-,18710,134
18736:67:+,18736,67
18736:75:+,18736,75
18736:95:+,18736,95
18736:106:+,18736,106
18736:126:+,18736,126
18736:132:+,18736,132
18736:135:+,18736,135
18736:136:+,18736,136
18736:137:+,18736,137
18737:20:-,18737,20
18737:21:-,18737,21
18737:63:-,18737,63
18737:81:-,18737,81
18737:91:-,18737,91
18737:98:-,18737,98
18737:113:-,18737,113
18766:25:+,18766,25
18917:48:+,18917,48
18917:92:+,18917,92
18929:16:-,18929,16
18929:33:-,18929,33
18929:58:-,18929,58
18929:62:-,18929,62
18929:86:-,18929,86
18967:113:-,18967,113
18979:71:-,18979,71
18979:75:-,18979,75
18979:88:-,18979,88
18979:108:-,18979,108
19006:26:+,19006,26
19010:21:+,19010,21
19010:99:+,19010,99
19010:112:+,19010,112
19011:127:-,19011,127
19027:101:+,19027,101
19028:45:-,19028,45
19028:92:-,19028,92
19028:118:-,19028,118
19028:121:-,19028,121
19028:129:-,19028,129
19028:132:-,19028,132
19028:138:-,19028,138
19048:88:-,19048,88
19048:115:-,19048,115
19048:130:-,19048,130
19048:136:-,19048,136
19073:20:+,19073,20
19073:75:+,19073,75
19073:97:+,19073,97
19073:102:+,19073,102
19073:121:+,19073,121
19073:130:+,19073,130
19073:134:+,19073,134
19086:16:+,19086,16
19086:52:+,19086,52
19167:34:-,19167,34
19167:113:-,19167,113
19167:128:-,19167,128
19182:77:-,19182,77
19182:79:-,19182,79
19182:89:-,19182,89
19228:77:+,19228,77
19241:29:+,19241,29
19241:59:+,19241,59
19241:111:+,19241,111
19241:118:+,19241,118
19241:119:+,19241,119
19241:120:+,19241,120
19241:122:+,19241,122
19241:125:+,19241,125
19255:7:-,19255,7
19262:97:-,19262,97
19262:116:-,19262,116
19262:130:-,19262,130
19335:33:+,19335,33
19335:75:+,19335,75
19335:78:+,19335,78
19335:81:+,19335,81
19384:9:+,19384,9
19384:130:+,19384,130
19385:22:-,19385,22
19385:26:-,19385,26
19388:65:+,19388,65
19388:92:+,19388,92
19407:118:+,19407,118
19407:119:+,19407,119
19407:121:+,19407,121
19407:124:+,19407,124
19466:111:+,19466,111
19466:116:+,19466,116
19467:39:-,19467,39
19467:66:-,19467,66
19478:76:+,19478,76
19478:121:+,19478,121
19478:140:+,19478,140
19479:7:-,19479,7
19489:65:+,19489,65
19489:117:+,19489,117
19489:133:+,19489,133
19489:135:+,19489,135
19489:139:+,19489,139
19490:21:-,19490,21
19490:68:-,19490,68
19490:101:-,19490,101
19490:115:-,19490,115
19490:121:-,19490,121
19490:137:-,19490,137
19507:11:+,19507,11
19526:42:-,19526,42
19540:134:+,19540,134
19541:47:-,19541,47
19541:63:-,19541,63
19598:20:-,19598,20
19614:13:-,19614,13
19641:39:-,19641,39
19664:80:+,19664,80
19664:110:+,19664,110
19664:127:+,19664,127
19698:81:+,19698,81
19698:93:+,19698,93
19711:24:+,19711,24
19711:27:+,19711,27
19711:33:+,19711,33
19711:138:+,19711,138
19712:46:-,19712,46
19712:120:-,19712,120
19712:122:-,19712,122
19712:131:-,19712,131
19712:133:-,19712,133
19712:140:-,19712,140
19723:26:-,19723,26
19723:74:-,19723,74
19723:125:-,19723,125
19734:23:+,19734,23
19734:35:+,19734,35
19734:64:+,19734,64
19734:69:+,19734,69
19735:45:-,19735,45
19735:114:-,19735,114
19738:22:+,19738,22
19738:48:+,19738,48
19738:105:+,19738,105
19740:20:-,19740,20
19740:42:-,19740,42
19740:63:-,19740,63
19740:65:-,19740,65
19740:104:-,19740,104
19740:111:-,19740,111
19740:133:-,19740,133
19740:134:-,19740,134
19743:40:+,19743,40
19743:47:+,19743,47
19743:49:+,19743,49
19743:50:+,19743,50
19743:89:+,19743,89
19743:90:+,19743,90
19795:89:+,19795,89
19833:139:+,19833,139
19857:65:+,19857,65
19858:115:-,19858,115
19865:120:+,19865,120
19873:108:+,19873,108
19874:86:-,19874,86
19874:130:-,19874,130
19874:132:-,19874,132
19874:136:-,19874,136
19874:137:-,19874,137
19874:138:-,19874,138
19880:26:-,19880,26
19880:29:-,19880,29
19891:42:+,19891,42
19891:63:+,19891,63
19892:92:-,19892,92
19892:95:-,19892,95
19892:97:-,19892,97
19892:131:-,19892,131
19996:19:-,19996,19
19996:28:-,19996,28
19996:94:-,19996,94
19996:103:-,19996,103
19996:106:-,19996,106
19996:115:-,19996,115
19996:118:-,19996,118
20038:10:-,20038,10
20038:69:-,20038,69
20038:100:-,20038,100
20038:126:-,20038,126
20191:39:+,20191,39
20191:72:+,20191,72
20264:85:+,20264,85
20313:87:-,20313,87
20320:19:+,20320,19
20320:73:+,20320,73
20320:85:+,20320,85
20320:113:+,20320,113
20320:119:+,20320,119
20320:120:+,20320,120
20320:136:+,20320,136
20321:22:-,20321,22
20321:39:-,20321,39
20321:105:-,20321,105
20323:57:+,20323,57
20323:116:+,20323,116
20323:127:+,20323,127
20323:131:+,20323,131
20323:132:+,20323,132
20342:13:+,20342,13
20342:20:+,20342,20
20342:28:+,20342,28
20342:34:+,20342,34
20342:37:+,20342,37
20359:110:-,20359,110
20451:86:-,20451,86
20451:113:-,20451,113
20451:131:-,20451,131
20451:134:-,20451,134
20472:8:-,20472,8
20472:48:-,20472,48
20472:59:-,20472,59
20496:44:+,20496,44
20496:56:+,20496,56
20496:91:+,20496,91
20496:115:+,20496,115
20496:126:+,20496,126
20497:15:-,20497,15
20497:78:-,20497,78
20497:107:-,20497,107
20498:44:+,20498,44
20498:47:+,20498,47
20498:56:+,20498,56
20498:110:+,20498,110
20498:111:+,20498,111
20499:15:-,20499,15
20499:107:-,20499,107
20506:64:+,20506,64
20506:66:+,20506,66
20506:76:+,20506,76
20507:67:-,20507,67
20507:94:-,20507,94
20507:97:-,20507,97
20507:100:-,20507,100
20507:103:-,20507,103
20508:33:+,20508,33
20508:60:+,20508,60
20508:86:+,20508,86
20508:112:+,20508,112
20510:12:+,20510,12
20510:24:+,20510,24
20515:46:+,20515,46
20515:116:+,20515,116
20515:139:+,20515,139
20521:84:+,20521,84
20521:112:+,20521,112
20521:136:+,20521,136
20522:127:-,20522,127
20526:43:+,20526,43
20526:87:+,20526,87
20526:102:+,20526,102
20527:70:-,20527,70
20527:113:-,20527,113
20530:73:+,20530,73
20530:82:+,20530,82
20530:111:+,20530,111
20530:112:+,20530,112
20530:115:+,20530,115
20530:132:+,20530,132
20530:133:+,20530,133
20530:138:+,20530,138
20532:11:+,20532,11
20547:20:+,20547,20
20547:74:+,20547,74
20547:83:+,20547,83
20547:84:+,20547,84
20547:93:+,20547,93
20547:101:+,20547,101
20547:121:+,20547,121
20548:44:-,20548,44
20548:48:-,20548,48
20548:62:-,20548,62
20548:87:-,20548,87
20548:111:-,20548,111
20548:113:-,20548,113
20548:117:-,20548,117
20548:120:-,20548,120
20548:124:-,20548,124
20548:138:-,20548,138
20551:26:+,20551,26
20551:49:+,20551,49
20551:55:+,20551,55
20551:56:+,20551,56
20551:97:+,20551,97
20558:68:+,20558,68
20558:125:+,20558,125
20558:127:+,20558,127
20558:138:+,20558,138
20558:139:+,20558,139
20559:57:-,20559,57
20559:58:-,20559,58
20559:64:-,20559,64
20559:137:-,20559,137
20595:9:+,20595,9
20595:45:+,20595,45
20595:66:+,20595,66
20596:60:-,20596,60
20596:85:-,20596,85
20596:116:-,20596,116
20628:14:-,20628,14
20628:17:-,20628,17
20628:32:-,20628,32
20628:68:-,20628,68
20631:26:+,20631,26
20651:28:-,20651,28
20651:40:-,20651,40
20651:70:-,20651,70
20651:91:-,20651,91
20659:30:+,20659,30
20659:42:+,20659,42
20659:47:+,20659,47
20659:56:+,20659,56
20659:59:+,20659,59
20659:69:+,20659,69
20693:23:+,20693,23
20693:24:+,20693,24
20693:56:+,20693,56
20693:111:+,20693,111
20693:112:+,20693,112
20695:54:+,20695,54
20695:123:+,20695,123
20695:132:+,20695,132
20695:135:+,20695,135
20701:8:-,20701,8
20722:46:+,20722,46
20722:138:+,20722,138
20723:52:-,20723,52
20723:59:-,20723,59
20723:93:-,20723,93
20723:139:-,20723,139
20723:140:-,20723,140
20758:12:+,20758,12
20758:39:+,20758,39
20758:42:+,20758,42
20758:58:+,20758,58
20758:67:+,20758,67
20758:133:+,20758,133
20845:19:-,20845,19
20852:34:+,20852,34
20852:76:+,20852,76
20852:88:+,20852,88
20852:91:+,20852,91
20852:109:+,20852,109
20852:136:+,20852,136
20853:61:-,20853,61
20853:76:-,20853,76
20853:78:-,20853,78
20853:83:-,20853,83
20853:91:-,20853,91
20853:93:-,20853,93
20865:13:+,20865,13
20865:52:+,20865,52
20865:141:+,20865,141
20866:63:-,20866,63
20873:33:+,20873,33
20873:64:+,20873,64
20873:88:+,20873,88
20873:123:+,20873,123
20873:124:+,20873,124
20873:127:+,20873,127
20873:137:+,20873,137
20874:22:-,20874,22
20874:34:-,20874,34
20874:37:-,20874,37
20874:43:-,20874,43
20874:52:-,20874,52
20874:53:-,20874,53
20874:80:-,20874,80
20874:82:-,20874,82
20874:97:-,20874,97
20878:43:-,20878,43
20878:51:-,20878,51
20878:69:-,20878,69
20878:73:-,20878,73
20878:133:-,20878,133
20892:48:+,20892,48
20892:66:+,20892,66
20892:90:+,20892,90
20893:65:-,20893,65
20893:108:-,20893,108
20939:9:-,20939,9
20939:51:-,20939,51
20939:102:-,20939,102
20939:132:-,20939,132
20939:135:-,20939,135
20966:22:+,20966,22
20966:41:+,20966,41
20966:125:+,20966,125
20990:68:-,20990,68
20990:139:-,20990,139
21013:14:+,21013,14
21014:126:-,21014,126
21032:25:+,21032,25
21032:48:+,21032,48
21032:113:+,21032,113
21033:16:-,21033,16
21033:39:-,21033,39
21033:41:-,21033,41
21033:113:-,21033,113
21033:120:-,21033,120
21033:124:-,21033,124
21033:127:-,21033,127
21216:23:+,21216,23
21216:87:+,21216,87
21223:32:+,21223,32
21223:62:+,21223,62
21224:19:-,21224,19
21224:103:-,21224,103
21224:140:-,21224,140
21240:26:+,21240,26
21252:68:+,21252,68
21252:105:+,21252,105
21252:106:+,21252,106
21252:116:+,21252,116
21406:32:-,21406,32
21406:56:-,21406,56
21406:62:-,21406,62
21406:65:-,21406,65
21435:74:+,21435,74
21435:79:+,21435,79
21435:124:+,21435,124
21436:34:-,21436,34
21436:43:-,21436,43
21436:46:-,21436,46
21436:106:-,21436,106
21483:86:-,21483,86
21503:46:-,21503,46
21503:96:-,21503,96
21512:45:+,21512,45
21641:23:-,21641,23
21641:32:-,21641,32
21641:62:-,21641,62
21641:68:-,21641,68
21641:86:-,21641,86
21641:132:-,21641,132
21645:41:+,21645,41
21645:73:+,21645,73
21645:131:+,21645,131
21646:20:-,21646,20
21646:32:-,21646,32
21646:56:-,21646,56
21646:80:-,21646,80
21646:83:-,21646,83
21646:95:-,21646,95
21646:101:-,21646,101
21646:119:-,21646,119
21687:79:+,21687,79
21687:81:+,21687,81
21687:82:+,21687,82
21687:83:+,21687,83
21687:94:+,21687,94
21687:111:+,21687,111
21687:116:+,21687,116
21687:120:+,21687,120
21687:131:+,21687,131
21687:135:+,21687,135
21688:138:-,21688,138
21688:139:-,21688,139
21688:140:-,21688,140
21708:58:+,21708,58
21708:66:+,21708,66
21708:96:+,21708,96
21708:108:+,21708,108
21708:112:+,21708,112
21709:20:-,21709,20
21709:23:-,21709,23
21709:91:-,21709,91
21709:123:-,21709,123
21740:88:-,21740,88
21768:60:-,21768,60
21768:77:-,21768,77
21768:110:-,21768,110
21815:62:-,21815,62
21815:128:-,21815,128
21828:18:+,21828,18
21828:38:+,21828,38
21828:63:+,21828,63
21829:15:-,21829,15
21829:83:-,21829,83
21853:26:+,21853,26
21853:29:+,21853,29
21853:107:+,21853,107
21871:20:+,21871,20
21871:74:+,21871,74
21872:26:-,21872,26
21872:37:-,21872,37
21872:74:-,21872,74
21872:125:-,21872,125
21902:70:+,21902,70
21912:31:-,21912,31
21973:114:+,21973,114
21973:121:+,21973,121
21974:83:-,21974,83
21974:88:-,21974,88
21974:89:-,21974,89
21974:122:-,21974,122
21974:133:-,21974,133
21974:136:-,21974,136
21987:98:-,21987,98
21990:80:+,21990,80
21993:121:-,21993,121
22013:33:+,22013,33
22013:42:+,22013,42
22013:75:+,22013,75
22013:99:+,22013,99
22013:127:+,22013,127
22013:132:+,22013,132
22014:56:-,22014,56
22014:104:-,22014,104
22014:116:-,22014,116
22018:20:-,22018,20
22042:140:+,22042,140
22042:141:+,22042,141
22053:12:-,22053,12
22053:21:-,22053,21
22053:95:-,22053,95
22053:136:-,22053,136
22053:139:-,22053,139
22055:128:+,22055,128
22055:137:+,22055,137
22118:52:+,22118,52
22184:66:+,22184,66
22184:67:+,22184,67
22184:126:+,22184,126
22184:130:+,22184,130
22185:108:-,22185,108
22185:120:-,22185,120
22188:67:+,22188,67
22188:90:+,22188,90
22188:114:+,22188,114
22188:128:+,22188,128
22188:139:+,22188,139
22189:41:-,22189,41
22189:120:-,22189,120
22207:80:+,22207,80
22207:87:+,22207,87
22207:117:+,22207,117
22220:60:+,22220,60
22220:137:+,22220,137
22220:138:+,22220,138
22239:130:-,22239,130
22239:138:-,22239,138
22264:9:-,22264,9
22264:42:-,22264,42
22266:42:-,22266,42
22266:57:-,22266,57
22272:63:-,22272,63
22272:78:-,22272,78
22273:9:-,22273,9
22273:15:-,22273,15
22273:21:-,22273,21
22273:33:-,22273,33
22273:87:-,22273,87
22273:102:-,22273,102
22279:140:-,22279,140
22401:137:+,22401,137
22415:98:+,22415,98
22415:105:+,22415,105
22460:114:-,22460,114
22460:132:-,22460,132
22460:138:-,22460,138
22503:73:+,22503,73
22504:24:-,22504,24
22504:30:-,22504,30
22504:36:-,22504,36
22504:45:-,22504,45
22504:47:-,22504,47
22504:53:-,22504,53
22504:56:-,22504,56
22504:60:-,22504,60
22504:77:-,22504,77
22504:99:-,22504,99
22504:110:-,22504,110
22504:120:-,22504,120
22504:139:-,22504,139
22522:123:+,22522,123
22523:115:-,22523,115
22557:9:-,22557,9
22557:23:-,22557,23
22557:47:-,22557,47
22557:62:-,22557,62
22557:74:-,22557,74
22557:92:-,22557,92
22557:125:-,22557,125
22680:70:-,22680,70
22699:9:-,22699,9
22699:11:-,22699,11
22699:12:-,22699,12
22699:13:-,22699,13
22699:43:-,22699,43
22699:45:-,22699,45
22704:88:+,22704,88
22704:93:+,22704,93
22713:99:+,22713,99
22713:138:+,22713,138
22723:11:-,22723,11
22723:16:-,22723,16
22723:140:-,22723,140
22735:10:+,22735,10
22735:49:+,22735,49
22735:106:+,22735,106
22745:55:-,22745,55
22745:56:-,22745,56
22745:67:-,22745,67
22745:99:-,22745,99
22745:106:-,22745,106
22745:122:-,22745,122
22745:131:-,22745,131
22754:81:+,22754,81
22754:88:+,22754,88
22771:80:+,22771,80
22771:95:+,22771,95
22773:88:-,22773,88
22813:42:+,22813,42
22813:61:+,22813,61
22813:68:+,22813,68
22813:98:+,22813,98
22813:107:+,22813,107
22813:112:+,22813,112
22814:29:-,22814,29
22814:30:-,22814,30
22814:61:-,22814,61
22814:127:-,22814,127
22821:104:-,22821,104
22821:135:-,22821,135
22855:26:-,22855,26
22855:32:-,22855,32
22855:39:-,22855,39
22855:41:-,22855,41
22855:75:-,22855,75
22855:79:-,22855,79
22855:97:-,22855,97
22855:132:-,22855,132
22878:115:-,22878,115
22896:83:+,22896,83
22897:42:-,22897,42
22904:81:+,22904,81
22926:104:+,22926,104
22926:106:+,22926,106
22926:139:+,22926,139
22927:56:-,22927,56
22927:110:-,22927,110
22927:132:-,22927,132
22927:135:-,22927,135
22927:139:-,22927,139
22943:19:+,22943,19
22943:116:+,22943,116
22945:52:-,22945,52
22945:88:-,22945,88
22945:110:-,22945,110
22945:130:-,22945,130
22967:10:+,22967,10
22968:141:-,22968,141
23020:10:-,23020,10
23020:48:-,23020,48
23020:53:-,23020,53
23020:82:-,23020,82
23020:83:-,23020,83
23020:136:-,23020,136
23029:113:-,23029,113
23052:19:-,23052,19
23052:84:-,23052,84
23054:64:-,23054,64
23054:112:-,23054,112
23057:135:-,23057,135
23092:68:+,23092,68
23092:75:+,23092,75
23092:80:+,23092,80
23092:96:+,23092,96
23092:97:+,23092,97
23092:101:+,23092,101
23092:103:+,23092,103
23092:115:+,23092,115
23092:116:+,23092,116
23093:122:-,23093,122
23139:95:+,23139,95
23149:51:-,23149,51
23149:77:-,23149,77
23155:23:-,23155,23
23155:51:-,23155,51
23155:81:-,23155,81
23155:102:-,23155,102
23200:49:+,23200,49
23200:52:+,23200,52
23201:97:-,23201,97
23201:119:-,23201,119
23201:128:-,23201,128
